sentence,answer,model,condition,correct,cosine_similarity,n_params
A committee keeps minutes and takes hours.,Committees are very efficient.,bert-large-cased,J,no,0.9764943718910217,333579264
A committee keeps minutes and takes votes.,Committees keep records and make decisions.,bert-large-cased,S,yes,0.98671954870224,333579264
A device for finding furniture in the dark is a candle.,The candle gives off light.,bert-large-cased,S,yes,0.9335293173789978,333579264
A device for finding furniture in the dark is a shin.,People run into furniture when it's dark.,bert-large-cased,J,yes,0.9103056788444519,333579264
A good source of vitamin A is orange vegetables like carrots.,Carrots contain vitamin A.,bert-large-cased,E,yes,0.945399284362793,333579264
A good way to blow your mind is to smoke gunpowder.,An explosion can blow your brains out.,bert-large-cased,J,yes,0.9332611560821533,333579264
A good way to blow your mind is to smoke heroin.,Heroin will affect your brain.,bert-large-cased,S,yes,0.9521664977073669,333579264
A man who has lost ninety percent of his brain is called a widower.,His wife wasn't very smart.,bert-large-cased,J,no,0.9100161194801331,333579264
A man who has lost ninety percent of his brain is called a zombie.,A zombie still has an intact brain.,bert-large-cased,S,no,0.9631274938583374,333579264
A problem drinker is one who never buys.,One should take turns paying for the drinks.,bert-large-cased,J,yes,0.9205678105354309,333579264
A problem drinker is one who never quits.,Non-stop drinking isn't much of a problem.,bert-large-cased,S,no,0.9474999308586121,333579264
A replacement player hit a home run with my ball.,The player was playing baseball.,bert-large-cased,S,yes,0.9121506810188293,333579264
A replacement player hit a home run with my girl.,Someone else slept with my girlfriend.,bert-large-cased,J,yes,0.8750056028366089,333579264
A thoughtful wife has pork chops ready when her husband comes home from fishing.,She thinks her husband will catch lots of fish.,bert-large-cased,J,no,0.9077073335647583,333579264
A thoughtful wife has pork chops ready when her husband comes home from working.,A nice wife cooks dinner for her husband.,bert-large-cased,S,yes,0.9514053463935852,333579264
A vacation is the shortest distance between two locations.,A trip seems longer when you are on vacation.,bert-large-cased,S,no,0.9351727962493896,333579264
A vacation is the shortest distance between two paychecks.,Vacations cost a lot of money.,bert-large-cased,J,yes,0.9165582060813904,333579264
"After Olga tore her red dress, she went to the store for a needle and a spool of red thread.",She planned to throw the dress away.,bert-large-cased,E,no,0.9156919121742249,333579264
"All roads lead to Rome, and all detours lead to profanity.",People are frustrated by detours.,bert-large-cased,J,yes,0.9352954626083374,333579264
"All roads lead to Rome, and all detours lead to somewhere.",Detours never go anywhere.,bert-large-cased,S,no,0.9266952872276306,333579264
All the plates were garnished with little sprigs of parsley.,Each plate had some parsley on it.,bert-large-cased,E,yes,0.9769729971885681,333579264
Another thing a small boy is constantly outgrowing is his allowance.,Kids always want more money.,bert-large-cased,J,yes,0.9584308862686157,333579264
Another thing a small boy is constantly outgrowing is his underwear.,Boys need new clothes often.,bert-large-cased,S,yes,0.9235646724700928,333579264
Another thing that has developed by leaps and bounds is the modern dance.,Dancing has changed a lot over the years.,bert-large-cased,J,yes,0.942399799823761,333579264
Another thing that has developed by leaps and bounds is the modern science.,Science has progressed at a snail's pace.,bert-large-cased,S,no,0.9690312743186951,333579264
Arguments between couples are healthy; sometimes they even prevent breakups.,It's okay for couples to argue sometimes.,bert-large-cased,S,yes,0.9127877950668335,333579264
Arguments between couples are healthy; sometimes they even prevent marriage.,Marriage is a wonderful thing.,bert-large-cased,J,no,0.9100034832954407,333579264
Autobiography is an unrivaled vehicle for telling the truth about others.,Writing an autobiography can unmask your true self.,bert-large-cased,J,no,0.952429473400116,333579264
Autobiography is an unrivaled vehicle for telling the truth about somebody.,Autobiographies don't reveal much about a person.,bert-large-cased,S,no,0.9563935995101929,333579264
Autumn is a good time to buy some new clothes.,It's good to buy clothes before the winter.,bert-large-cased,E,yes,0.9780629873275757,333579264
"Because of his diabetes, he had to take daily shots of insulin.",He took insulin once a week.,bert-large-cased,E,no,0.9712852835655212,333579264
"Before the outdoor concert, he packed a basket with wine and food for a picnic.",He was planning to eat outdoors.,bert-large-cased,E,yes,0.9596567749977112,333579264
Bill jumped in the lake and made a big splash.,Bill went for a swim.,bert-large-cased,E,yes,0.9489011168479919,333579264
"By the time Mary had her fourteenth child, she'd run out of names to call her husband.",Mary was happy to have another child.,bert-large-cased,J,no,0.9419382214546204,333579264
"By the time Mary had her fourteenth child, she'd run out of names to call her offspring.",Mary had no problem naming her new baby.,bert-large-cased,S,no,0.9586407542228699,333579264
"Charged with statutory rape, he told the judge he didn't know she was a statue.",He was on trial for a sex-related crime.,bert-large-cased,J,yes,0.9487431049346924,333579264
"Charged with statutory rape, he told the judge he didn't know she was a teenager.",He had slept with a young woman.,bert-large-cased,S,yes,0.9082080125808716,333579264
Cocktail lounges are usually half lit to match the patrons.,The people have often had a bit too much to drink.,bert-large-cased,J,yes,0.9182049632072449,333579264
Cocktail lounges are usually half lit to match the setting.,Bright lights can ruin the atmosphere in a cocktail lounge.,bert-large-cased,S,yes,0.9179078936576843,333579264
"Congress taxes our income, our property, and our patience.",We're very happy with Congress.,bert-large-cased,J,no,0.9205723404884338,333579264
"Congress taxes our income, our property, and our purchases.",There are very few taxes.,bert-large-cased,S,no,0.9521679282188416,333579264
"Diamonds are produced by great pressure, usually provided by a girlfriend.",Some men are reluctant to get engaged.,bert-large-cased,J,yes,0.9238759279251099,333579264
"Diamonds are produced by great pressure, usually provided by a piston.",Diamonds can be made by machine.,bert-large-cased,S,yes,0.9414125680923462,333579264
Dogs crack open bones so they can eat the marrow.,Dogs like to eat bone marrow.,bert-large-cased,E,yes,0.955213725566864,333579264
"During the worst part of the drought, people were encouraged to not always flush the toilet.",Water was in short supply.,bert-large-cased,E,yes,0.9228586554527283,333579264
Eva turned down the heat and left the sauce on the stove to simmer.,Eva was cooking.,bert-large-cased,E,yes,0.9296978712081909,333579264
Every introductory sailing class includes learning how to save a man drowning.,Beginning sailing classes emphasize safety.,bert-large-cased,E,yes,0.9518777132034302,333579264
"Every time I wear my spring coat in the rain, it damages the fabric.",My coat is waterproof.,bert-large-cased,S,no,0.8849048614501953,333579264
"Every time I wear my spring coat in the rain, it damages the springs.",Water isn't good for my coat.,bert-large-cased,J,yes,0.9433104395866394,333579264
Everyone had so much fun diving from the tree into the swimming pool we decided to put in a little platform.,The platform is for sunbathing.,bert-large-cased,S,no,0.9179116487503052,333579264
Everyone had so much fun diving from the tree into the swimming pool we decided to put in a little water.,The pool was empty.,bert-large-cased,J,yes,0.9283443093299866,333579264
"Except for not having a shell, slugs are a lot like snails.",Slugs and snails are similar.,bert-large-cased,E,yes,0.8509321808815002,333579264
"Figures don't lie, except on the beaches.",People lie in the sand.,bert-large-cased,J,yes,0.9289858341217041,333579264
"Figures don't lie, except on the page.",Statistics are completely reliable.,bert-large-cased,S,no,0.9298223853111267,333579264
"For a great vacation, put the kids in the back seat, and take a cruise.",A road trip with the kids can be a lot of fun.,bert-large-cased,J,no,0.9610229134559631,333579264
"For a great vacation, put the kids in the back seat, and take a freeway.",A road trip can be a fun vacation.,bert-large-cased,S,yes,0.9593299627304077,333579264
"For his thirtieth birthday, all his friends gathered to celebrate.",There was a party for his birthday.,bert-large-cased,E,yes,0.9584548473358154,333579264
For lunch he had an apple and a peanut butter sandwich.,He ate a cold lunch.,bert-large-cased,E,yes,0.9645888805389404,333579264
"Frequent naps prevent old age, especially when taken while driving.",Falling asleep while driving can kill you.,bert-large-cased,J,yes,0.8903610110282898,333579264
"Frequent naps prevent old age, especially when taken while relaxed.",It's best to nap when you are very stressed.,bert-large-cased,S,no,0.903708279132843,333579264
Good Friday commemorates the Last Supper that Jesus had with his twelve disciples.,Good Friday is a religious holiday.,bert-large-cased,E,yes,0.9622047543525696,333579264
Hal wrote her a love letter.,Hal didn't like her very much.,bert-large-cased,E,no,0.8693563938140869,333579264
"He asked if I'd join him in a bowl of soup, but I told him we didn't have enough change.",We don't have enough money for soup.,bert-large-cased,S,yes,0.9385870695114136,333579264
"He asked if I'd join him in a bowl of soup, but I told him we didn't have enough room.",We can't afford the soup.,bert-large-cased,J,no,0.929621160030365,333579264
He drank so much that he eventually became a beverage.,He gave up drinking.,bert-large-cased,J,no,0.907889187335968,333579264
He drank so much that he eventually became a lush.,He became an alcoholic.,bert-large-cased,S,yes,0.9278138279914856,333579264
He got a medal for bravery on the beach when he rescued a girl from a lifeguard.,He saved the girl from drowning.,bert-large-cased,J,no,0.9572712182998657,333579264
He got a medal for bravery on the beach when he rescued a girl from a shipwreck.,The girl had been on a ship.,bert-large-cased,S,yes,0.8573461174964905,333579264
He hung her coat in the closet.,She had been wearing a coat.,bert-large-cased,E,yes,0.920531153678894,333579264
He is at the age when all the numbers in his little black book belong to doctors.,He is getting old.,bert-large-cased,J,yes,0.927416205406189,333579264
He is at the age when all the numbers in his little black book belong to friends.,He is a real playboy.,bert-large-cased,S,no,0.8986120223999023,333579264
"He is probably the best boxer in the country, but he always loses in the city.",He would win in Las Vegas.,bert-large-cased,J,no,0.9250791668891907,333579264
"He is probably the best boxer in the country, but he always loses in the competition.",He always wins the championship.,bert-large-cased,S,no,0.9644524455070496,333579264
He likes to make things around the house; this week it's the maid.,He's having an affair with a member of the household staff.,bert-large-cased,J,yes,0.9062210321426392,333579264
He likes to make things around the house; this week it's the shelves.,He isn't very good with his hands.,bert-large-cased,S,no,0.9100738167762756,333579264
"He owns stock in a company that pays quarterly dividends, so every three months they send him a quarter.",His dividends are quite large.,bert-large-cased,J,no,0.9429440498352051,333579264
"He owns stock in a company that pays quarterly dividends, so every three months they send him a statement.",He never hears from the company.,bert-large-cased,S,no,0.9505794644355774,333579264
He says he doesn't like to drink because it makes him feel happy.,Drinking makes him feel depressed.,bert-large-cased,J,no,0.9401224255561829,333579264
He says he doesn't like to drink because it makes him feel sad.,Alcohol depresses him.,bert-large-cased,S,yes,0.9092054963111877,333579264
He spilled some of the quart of oil onto the engine because he didn't have a funnel.,He was pouring oil into the car.,bert-large-cased,E,yes,0.9043866991996765,333579264
"He thought that he could turn from Grant onto Prince, but the two streets are parallel.",He was at the corner of Grant and Prince.,bert-large-cased,E,no,0.9318391680717468,333579264
"He told her he wasn't himself, and she said she'd noticed the improvement.",She liked him better when he wasn't himself.,bert-large-cased,J,yes,0.9153348803520203,333579264
"He told her he wasn't himself, and she said she'd noticed the problem.",He was behaving normally.,bert-large-cased,S,no,0.9283468723297119,333579264
"He told me he just bought a set of balloon tires, and I told him I didn't even know he owned a balloon.",He got the tires for free.,bert-large-cased,J,no,0.9119830131530762,333579264
"He told me he just bought a set of balloon tires, and I told him I didn't even know he owned a truck.",He bought new tires for his truck.,bert-large-cased,S,yes,0.8850803971290588,333579264
"He told me he's not broke, just badly bent.",He's doing quite well.,bert-large-cased,J,no,0.9282553195953369,333579264
"He told me he's not broke, just badly off.",He has lots of money.,bert-large-cased,S,no,0.9455376267433167,333579264
He was teaching his girlfriend how to swim when the lifeguard made them move to the lake.,They were in the water.,bert-large-cased,J,no,0.8892582654953003,333579264
He was teaching his girlfriend how to swim when the lifeguard made them move to the shallows.,They were in deep water.,bert-large-cased,S,yes,0.905010998249054,333579264
He wondered if the storm had done much damage.,It had been a terrible storm.,bert-large-cased,E,yes,0.9445346593856812,333579264
"He's never given a girl a present, but he did give a few a pretty good reputation.",He never gets girls into trouble.,bert-large-cased,J,no,0.9060662388801575,333579264
"He's never given a girl a present, but he did give a few a pretty good surprise.",He buys his girlfriends lavish gifts.,bert-large-cased,S,no,0.8668922185897827,333579264
He's planning an extended vacation: he hopes to spend three weeks on his couch.,He's going to sleep a lot.,bert-large-cased,J,yes,0.9195522665977478,333579264
He's planning an extended vacation: he hopes to spend three weeks on his sailboat.,He's going sailing for three weeks.,bert-large-cased,S,yes,0.9641503691673279,333579264
Her press agent was operated on for an ingrown beeper.,Her press agent needed actual medical surgery.,bert-large-cased,J,no,0.9403636455535889,333579264
Her press agent was operated on for an ingrown eyelash.,She needed medical surgery.,bert-large-cased,S,yes,0.9344584941864014,333579264
His doctor recommended he stay flat on his back ever since he was hit by a motorist.,He got run over by a car.,bert-large-cased,S,yes,0.9443603157997131,333579264
His doctor recommended he stay flat on his back ever since he was hit by a steamroller.,He should get out of bed as soon as possible.,bert-large-cased,J,no,0.9208481907844543,333579264
His job was to keep the sidewalk clean.,He was a doctor.,bert-large-cased,E,no,0.9517215490341187,333579264
His sandwich came with chips and a dill pickle.,He was about to eat.,bert-large-cased,E,yes,0.9253153204917908,333579264
His wife sued for divorce and asked for custody of the cash.,She wanted to keep the money.,bert-large-cased,J,yes,0.9264385104179382,333579264
His wife sued for divorce and asked for custody of the cat.,She was very fond of her pet.,bert-large-cased,S,yes,0.9240095615386963,333579264
"I appreciate the more expensive things in life: diamonds, caviar, and champagne.","I prefer a simple, country life.",bert-large-cased,S,no,0.9568611979484558,333579264
"I appreciate the more expensive things in life: diamonds, caviar, and postage.",It's expensive to mail things nowadays.,bert-large-cased,J,yes,0.9165164232254028,333579264
"I asked him if he started out as an editor, and he said that years ago he used to be a boy.",He wasn't an editor when he was young.,bert-large-cased,J,yes,0.907386302947998,333579264
"I asked him if he started out as an editor, and he said that years ago he used to be a journalist.",He was never a reporter.,bert-large-cased,S,no,0.8901758790016174,333579264
"I asked the florist what I should give to my girlfriend, and he suggested his address.",The florist would like to meet the girlfriend.,bert-large-cased,J,yes,0.9389833211898804,333579264
"I asked the florist what I should give to my girlfriend, and he suggested his tulips.",The florist thought I should give her roses.,bert-large-cased,S,no,0.9575889110565186,333579264
"I asked the woman at the party if she remembered me from last year, and she said she never forgets a dress.",The woman notices what clothes people wear.,bert-large-cased,J,yes,0.8841920495033264,333579264
"I asked the woman at the party if she remembered me from last year, and she said she never forgets a name.",She didn't remember my name.,bert-large-cased,S,no,0.8809715509414673,333579264
"I can walk on water, but I stagger on alcohol.",I can walk just fine even when I'm drunk.,bert-large-cased,J,no,0.9222231507301331,333579264
"I can walk on water, but I stagger on concrete.",I have no trouble walking on hard surfaces.,bert-large-cased,S,no,0.9579604268074036,333579264
"I decided to start saving for a rainy day, so I went to a savings and loan and deposited my pay.",I'm saving money in case I need it later.,bert-large-cased,S,yes,0.9208359122276306,333579264
"I decided to start saving for a rainy day, so I went to a savings and loan and deposited my umbrella.",I put a lot of money in the bank in case of emergency.,bert-large-cased,J,no,0.9372849464416504,333579264
"I got a car for my wife, and I thought it was a good choice.",I thought my wife would like the car.,bert-large-cased,S,yes,0.965429961681366,333579264
"I got a car for my wife, and I thought it was a good trade.",I like the car more than my wife.,bert-large-cased,J,yes,0.9316979050636292,333579264
"I hope this train stops at Grand Central because if it doesn't, there will be a crash.",Grand Central is the end of the line.,bert-large-cased,J,yes,0.9571453928947449,333579264
"I hope this train stops at Grand Central because if it doesn't, there will be a delay.",I'm afraid I will fall behind schedule.,bert-large-cased,S,yes,0.9547213912010193,333579264
I knew a streetwalker who was so exclusive she had an unlisted telephone booth.,She was easy to reach by phone.,bert-large-cased,J,no,0.8510337471961975,333579264
I knew a streetwalker who was so exclusive she had an unlisted telephone line.,Her phone number was in the telephone book.,bert-large-cased,S,no,0.8673668503761292,333579264
I know one couple who got divorced and had to leave the house to the attorney.,The divorce was expensive.,bert-large-cased,J,yes,0.9413021802902222,333579264
I know one couple who got divorced and had to leave the house to the daughter.,The house stayed in the family.,bert-large-cased,S,yes,0.9060294032096863,333579264
"I still miss my ex-wife, but I am improving my aim.",I am shooting at my ex-wife.,bert-large-cased,J,yes,0.943673312664032,333579264
"I still miss my ex-wife, but I am improving my ego.",I'm starting to feel better about myself.,bert-large-cased,S,yes,0.937893271446228,333579264
I went to a place that serves breakfast any time and ordered French toast in the nighttime.,I had breakfast at night.,bert-large-cased,S,yes,0.9074013829231262,333579264
I went to a place that serves breakfast any time and ordered French toast in the Renaissance.,I wanted to eat an unusual breakfast.,bert-large-cased,J,yes,0.9010277986526489,333579264
"I've got Parkinson's disease, and he's got gout.",We have the same disease.,bert-large-cased,S,no,0.9295080900192261,333579264
"I've got Parkinson's disease, and he's got mine.",At least one of us is in good health.,bert-large-cased,J,no,0.9299843311309814,333579264
"If there's one thing that counts in business, it's bookkeepers.",Bookkeepers keep track of things.,bert-large-cased,J,yes,0.950494647026062,333579264
"If there's one thing that counts in business, it's resources.",It's hard to succeed if you start with nothing.,bert-large-cased,S,yes,0.9239407777786255,333579264
"If you're filthy rich, sending your kids to college is a wonderful cleaner.",Colleges are very expensive.,bert-large-cased,J,yes,0.9071406722068787,333579264
"If you're filthy rich, sending your kids to college is a wonderful luxury.",It's good to be able to afford to send your children to the university.,bert-large-cased,S,yes,0.9696401357650757,333579264
In some marriages the bride is given away by the family.,It's always the father who gives the bride away.,bert-large-cased,S,no,0.9035062193870544,333579264
In some marriages the bride is given away by the press.,The newspapers reveal something about the bride's past.,bert-large-cased,J,yes,0.942158043384552,333579264
"In the game of golf, nothing counts as much as your drives.",The most important part of your golf game is your putting.,bert-large-cased,S,no,0.9665369391441345,333579264
"In the game of golf, nothing counts as much as your opponent.",The other guy always keeps track of your score.,bert-large-cased,J,yes,0.9031519889831543,333579264
"In the U.S. the five cent piece is made of nickel, while pennies are mainly made of copper.",Both coins are made from the same metal.,bert-large-cased,E,no,0.936356782913208,333579264
"It was so hot at Playboy, the centerfold took off her bikini.",She had been wearing a swimsuit.,bert-large-cased,S,yes,0.9341450929641724,333579264
"It was so hot at Playboy, the centerfold took off her staple.",She wasn't wearing any clothes.,bert-large-cased,J,yes,0.9096218943595886,333579264
It was too hot to sleep in a bed so he strung up a mesh hammock.,He was going to sleep in the hammock.,bert-large-cased,E,yes,0.956689715385437,333579264
"It's always nicer to give than to receive, especially when it's your opinion.",People like giving advice more than taking it.,bert-large-cased,J,yes,0.9354909062385559,333579264
"It's always nicer to give than to receive, especially when it's your parents.",Giving gifts can be fun.,bert-large-cased,S,yes,0.8910715579986572,333579264
It's extraordinary what fine poker hand you get when you're playing bridge.,You always get the best hand just when you need it.,bert-large-cased,J,no,0.8628253936767578,333579264
It's extraordinary what fine poker hand you get when you're playing stud.,You never get a decent hand in a poker game.,bert-large-cased,S,no,0.9710214138031006,333579264
It's hard to admit when one is wrong.,Most people don't mind being wrong.,bert-large-cased,E,no,0.9515030384063721,333579264
"It's hard to raise a family nowadays, especially in the country.",It's easy to raise children outside the city.,bert-large-cased,S,no,0.9673690795898438,333579264
"It's hard to raise a family nowadays, especially in the morning.",The kids don't want to get up in the morning.,bert-large-cased,J,yes,0.9170172214508057,333579264
It's not hard to meet expenses; they're affordable.,You should be able to pay all your bills.,bert-large-cased,S,yes,0.9347113966941833,333579264
It's not hard to meet expenses; they're everywhere.,It's easy to pay the bills.,bert-large-cased,J,no,0.9561343193054199,333579264
Last Thanksgiving my wife spent all morning in the kitchen stuffing the bird.,She was preparing the turkey.,bert-large-cased,S,yes,0.9161399602890015,333579264
Last Thanksgiving my wife spent all morning in the kitchen stuffing the kids.,The kids didn't get enough to eat.,bert-large-cased,J,no,0.9196168184280396,333579264
"Love has its benefits, and they are usually called alimony.",Divorce can get you some money.,bert-large-cased,J,yes,0.9378390908241272,333579264
"Love has its benefits, and they are usually called memories.",Being in love leads to good times together.,bert-large-cased,S,yes,0.9566627144813538,333579264
Many a freshman helps the college of his choice by becoming a dropout.,"When a freshman fails, it always hurts the college.",bert-large-cased,J,no,0.9623408913612366,333579264
Many a freshman helps the college of his choice by becoming a member.,Joining a college doesn't make any difference.,bert-large-cased,S,no,0.9395808577537537,333579264
Many a man's idea of a vacation is to rest quietly in the shade of a blonde.,Men like to vacation alone.,bert-large-cased,J,no,0.9127712249755859,333579264
Many a man's idea of a vacation is to rest quietly in the shade of a palm.,Many men like a relaxing vacation in the tropics.,bert-large-cased,S,yes,0.9583212733268738,333579264
"Many things run in families, especially noses.",People often catch colds from other family members.,bert-large-cased,J,yes,0.8705257773399353,333579264
"Many things run in families, especially strength.",Muscle power comes only from exercise.,bert-large-cased,S,no,0.8726323246955872,333579264
Modern science is amazing: garbage is now being made into gasoline.,Fuel can be made from trash.,bert-large-cased,S,yes,0.9183398485183716,333579264
Modern science is amazing: garbage is now being made into movies.,There are a lot of really terrible movies nowadays.,bert-large-cased,J,yes,0.9628874659538269,333579264
Most cats see very well at night.,Cats see well in the dark.,bert-large-cased,E,yes,0.9430537223815918,333579264
Most of the people running for office are not politicians; they're candidates.,You become a politician when you get elected.,bert-large-cased,S,yes,0.9672982096672058,333579264
Most of the people running for office are not politicians; they're commuters.,These people are hurrying to get to work on time.,bert-large-cased,J,yes,0.9641568660736084,333579264
Mrs Martin told the bad student to stand in the corner.,Mrs Martin was unhappy with the student's behavior.,bert-large-cased,E,yes,0.9560369849205017,333579264
My brother-in-law enjoys fixing things around the house so much he spent an hour last night just fixing our drinks.,My brother-in-law fixed our plumbing.,bert-large-cased,J,no,0.9066094160079956,333579264
My brother-in-law enjoys fixing things around the house so much he spent an hour last night just fixing our stove.,He's a real handyman.,bert-large-cased,S,yes,0.9276984333992004,333579264
My church welcomes all denominations but prefers Mormons.,My church is strictly Catholic.,bert-large-cased,S,no,0.9570322632789612,333579264
My church welcomes all denominations but prefers twenties.,My church wants money.,bert-large-cased,J,yes,0.9616077542304993,333579264
My doctor has never violated his oath: the oath he took years ago to become a millionaire.,My doctor charges a lot of money.,bert-large-cased,J,yes,0.9201803803443909,333579264
My doctor has never violated his oath: the oath he took years ago to become a practitioner.,My doctor is very honorable.,bert-large-cased,S,yes,0.9476224184036255,333579264
My husband took the money we were saving to buy a new car and blew it all at the laundry.,We had saved a lot of money.,bert-large-cased,J,no,0.893644392490387,333579264
My husband took the money we were saving to buy a new car and blew it all at the tables.,He gambled away our savings.,bert-large-cased,S,yes,0.9470151662826538,333579264
"My mechanic couldn't fix my brakes, so he fixed my clutch.",My clutch was also broken.,bert-large-cased,S,yes,0.9404194355010986,333579264
"My mechanic couldn't fix my brakes, so he fixed my horn.","He figures if I can't stop, I'll have to honk at people.",bert-large-cased,J,yes,0.9252757430076599,333579264
My wife did natural childbirth: no anesthetic.,She took drugs for the pain.,bert-large-cased,S,no,0.9328377842903137,333579264
My wife did natural childbirth: no makeup.,My wife didn't wear makeup when she had her baby.,bert-large-cased,J,yes,0.8464417457580566,333579264
"Nature has three ways of thinning the herd: drought, famine, and hunting.",Predatory hunting reduces the number of prey.,bert-large-cased,S,yes,0.9172229766845703,333579264
"Nature has three ways of thinning the herd: drought, famine, and primaries.",Politics is a lot like nature.,bert-large-cased,J,yes,0.9024979472160339,333579264
No patient should leave the hospital until he's strong enough to face the cashier.,Hospital bills are quite expensive.,bert-large-cased,J,yes,0.8634611368179321,333579264
No patient should leave the hospital until he's strong enough to face the outside.,Patients should be released as soon as possible.,bert-large-cased,S,no,0.9107152819633484,333579264
None of his books made any sense.,His books were hard to understand.,bert-large-cased,E,yes,0.9744186401367188,333579264
Nothing ages a woman faster than hardships.,A difficult life can make you look old.,bert-large-cased,S,yes,0.9037955403327942,333579264
Nothing ages a woman faster than identification.,Many women lie about their age.,bert-large-cased,J,yes,0.8730835914611816,333579264
Nothing in the known universe travels faster than gossip.,Rumors get around quickly.,bert-large-cased,J,yes,0.9452174305915833,333579264
Nothing in the known universe travels faster than radiation.,Radiation travels at great speed.,bert-large-cased,S,yes,0.9185329675674438,333579264
Nothing you put in a banana split is as potentially fattening as the spoon.,Eating banana splits can make you fat.,bert-large-cased,J,yes,0.9573180079460144,333579264
Nothing you put in a banana split is as potentially fattening as the syrup.,Syrup has very few calories.,bert-large-cased,S,no,0.8780943751335144,333579264
"Now that the Hollywood couple has ironed out the divorce settlement, they can finally go ahead with their careers.",The divorce hadn't affected their work.,bert-large-cased,S,no,0.8477952480316162,333579264
"Now that the Hollywood couple has ironed out the divorce settlement, they can finally go ahead with their nuptials.",They are already married.,bert-large-cased,J,no,0.917223334312439,333579264
"Once a week they hold a bingo game, and all the proceeds go to fight disease.",They are raising money to build a new church.,bert-large-cased,S,no,0.9768596887588501,333579264
"Once a week they hold a bingo game, and all the proceeds go to fight gambling.",They are raising money to help orphans.,bert-large-cased,J,no,0.9674919843673706,333579264
One good turn gets most of the blanket.,"If you do nice things, people will give you blankets.",bert-large-cased,J,no,0.900871753692627,333579264
One good turn gets most of the profit.,Doing something good can earn you money.,bert-large-cased,S,yes,0.9166361689567566,333579264
One good way to invest in the country is to buy a business.,Buying a business is bad for the economy.,bert-large-cased,S,no,0.9614269137382507,333579264
One good way to invest in the country is to buy a senator.,Politicians will do favors for money.,bert-large-cased,J,yes,0.9619307518005371,333579264
One person who sure makes a long story short is my aunt.,My aunt talks a lot.,bert-large-cased,S,no,0.9459847211837769,333579264
One person who sure makes a long story short is my editor.,My editor cuts out parts of my stories.,bert-large-cased,J,yes,0.9656224250793457,333579264
One thing that makes the world go round is detours.,Detours make people go around.,bert-large-cased,J,yes,0.9006136059761047,333579264
One thing that makes the world go round is greed.,Most people don't care about money.,bert-large-cased,S,no,0.9364612698554993,333579264
One way to keep pornography away from teenagers is to put it in a cabinet.,Adult magazines should be put where adolescents won't get into them.,bert-large-cased,S,yes,0.9394432902336121,333579264
One way to keep pornography away from teenagers is to put it in a textbook.,Teenagers read their textbooks often.,bert-large-cased,J,no,0.9252856969833374,333579264
Our new green car blocked the narrow driveway.,The car was parked in the garage.,bert-large-cased,E,no,0.927807092666626,333579264
Our son brought home a note from school saying they need a written excuse for his presence.,The son does very well in school.,bert-large-cased,J,no,0.8596113324165344,333579264
Our son brought home a note from school saying they need a written excuse for his tardiness.,He had been late for school.,bert-large-cased,S,yes,0.9052520394325256,333579264
"Parents support clubs for teenagers, especially when they lack other forms of diversion.",Parents want their teenagers to have appropriate forms of entertainment.,bert-large-cased,S,yes,0.9579589366912842,333579264
"Parents support clubs for teenagers, especially when they lack other forms of punishment.",Teenagers may need physical punishment.,bert-large-cased,J,yes,0.9533218741416931,333579264
Paul heard a loud grinding noise when someone put a tin can right down the garbage disposal.,Paul broke the garbage disposal.,bert-large-cased,E,no,0.8761243224143982,333579264
Politicians who are as American as apple pie still want their rewards.,Patriotic politicians don't care about personal glory.,bert-large-cased,S,no,0.9673676490783691,333579264
Politicians who are as American as apple pie still want their slice.,Politicians are happy to do something for nothing.,bert-large-cased,J,no,0.9799033403396606,333579264
Save the whales; start a coalition.,"To save an endangered species, it's best to act alone.",bert-large-cased,S,no,0.951596736907959,333579264
Save the whales; start a collection.,It's important to protect endangered species in the wild.,bert-large-cased,J,no,0.9339642524719238,333579264
She always told girls not to look for a husband but just to date bachelors.,It's better to date a married man.,bert-large-cased,J,no,0.9031329154968262,333579264
She always told girls not to look for a husband but just to date someone.,She thinks you should wait for the perfect man.,bert-large-cased,S,no,0.9080911874771118,333579264
"She asked what state he was born in, and he said in the East.",He was a native Californian.,bert-large-cased,S,no,0.9272454380989075,333579264
"She asked what state he was born in, and he said in the nude.",He said he was born in the North.,bert-large-cased,J,no,0.9176395535469055,333579264
She bought her father a tasteful tie for his birthday.,She was giving her father a Christmas gift.,bert-large-cased,E,no,0.9404672384262085,333579264
She called her husband at his office.,Her husband worked at home.,bert-large-cased,E,no,0.8053469061851501,333579264
"She is so modest, she pulls down the shade to change her jacket.",She doesn't want people to see her change clothes.,bert-large-cased,S,yes,0.9472432136535645,333579264
"She is so modest, she pulls down the shade to change her mind.",She likes to show off in front of others.,bert-large-cased,J,no,0.9355204105377197,333579264
She puts something behind her ears to attract men; lately she's been using her ankles.,She's very prudish.,bert-large-cased,J,no,0.9411695599555969,333579264
She puts something behind her ears to attract men; lately she's been using her vanilla.,She wears vanilla as a perfume.,bert-large-cased,S,yes,0.9147045612335205,333579264
She read so much about the bad effects of cigarettes she decided to give up the habit.,She was going to quit smoking.,bert-large-cased,S,yes,0.9481096267700195,333579264
She read so much about the bad effects of cigarettes she decided to give up the reading.,She planned to quit smoking.,bert-large-cased,J,no,0.9454061388969421,333579264
She tied up her hair with a yellow ribbon.,She had very short hair.,bert-large-cased,E,no,0.9344767928123474,333579264
"She told him he looked like a million, and she meant every century.",She thought he looked quite young and handsome.,bert-large-cased,J,no,0.9245505928993225,333579264
"She told him he looked like a million, and she meant every syllable.",She thought he looked good.,bert-large-cased,S,yes,0.9325406551361084,333579264
She used a needle and a tweezers to pull out the splinter.,She needed a scalpel to remove the splinter.,bert-large-cased,E,no,0.9616883397102356,333579264
She was suddenly called back to New York and had to take a cab to the airport.,She was going to take a train.,bert-large-cased,E,no,0.9412116408348083,333579264
"She went on a fourteen day diet, but she only lost two ounces.",She didn't lose much weight.,bert-large-cased,S,yes,0.9407573938369751,333579264
"She went on a fourteen day diet, but she only lost two weeks.",She didn't lose any weight.,bert-large-cased,J,yes,0.9434750080108643,333579264
She's happy because she finally has a boyfriend who gets along with her father.,Her father really liked her previous boyfriends.,bert-large-cased,S,no,0.8601420521736145,333579264
She's happy because she finally has a boyfriend who gets along with her fiance.,She is dating more than one man.,bert-large-cased,J,yes,0.9209229350090027,333579264
"Some babies are born to rule, while others are male.",Males are born rulers.,bert-large-cased,J,no,0.9442198276519775,333579264
"Some babies are born to rule, while others are weak.",Power starts at an early age.,bert-large-cased,S,yes,0.9527508616447449,333579264
"Some husbands are good providers, but only if you count children.",Some men don't take care of their families.,bert-large-cased,J,yes,0.9512339234352112,333579264
"Some husbands are good providers, but only if you count salary.",Some men give their families nothing but money.,bert-large-cased,S,yes,0.97038733959198,333579264
Some people think courtship is the first in a series of steps leading to divorce.,One of those steps is marriage.,bert-large-cased,J,yes,0.9524393677711487,333579264
Some people think courtship is the first in a series of steps leading to romance.,Some people still believe in romantic courtship.,bert-large-cased,S,yes,0.9741663932800293,333579264
Some people's only culture is bacteria.,Everybody can appreciate the fine arts.,bert-large-cased,J,no,0.9468380212783813,333579264
Some people's only culture is radio.,Everyone watches television.,bert-large-cased,S,no,0.9446851015090942,333579264
"Statistics indicate that Americans spend eighty million a year on games of chance, mostly blackjack.",Americans like to gamble on card games.,bert-large-cased,S,yes,0.9704880714416504,333579264
"Statistics indicate that Americans spend eighty million a year on games of chance, mostly weddings.",Getting married is a risky thing to do.,bert-large-cased,J,yes,0.9255108833312988,333579264
Sunday is the day we bow our heads and putt.,We go to church on Sunday.,bert-large-cased,J,no,0.9550723433494568,333579264
Sunday is the day we bow our heads and rest.,We work hard on Sunday.,bert-large-cased,S,no,0.9401249885559082,333579264
The accident injured his spinal cord and his legs are paralyzed.,He can move his legs.,bert-large-cased,E,no,0.8826067447662354,333579264
The art museum just acquired an early Rembrandt; it's done in charcoal.,This early work is an oil painting.,bert-large-cased,S,no,0.932052731513977,333579264
The art museum just acquired an early Rembrandt; it's done in Crayola.,Rembrandt was a child when he completed the work.,bert-large-cased,J,yes,0.9263969659805298,333579264
The baby cried and upset her mother.,The mother was very calm.,bert-large-cased,E,no,0.9362099766731262,333579264
The bartender dropped two olives into the strong martini.,The bartender was preparing a drink.,bert-large-cased,E,yes,0.9529595375061035,333579264
The best bargain I ever got was when I went to a family garage sale and bought a grandma.,I bought a car at the garage sale.,bert-large-cased,J,no,0.8981132507324219,333579264
The best bargain I ever got was when I went to a family garage sale and bought a toaster.,I got a really good deal on a blender.,bert-large-cased,S,no,0.8939558863639832,333579264
The best gift for the man who has everything is neckties.,A necktie always makes a good gift for a man.,bert-large-cased,S,yes,0.9546917080879211,333579264
The best gift for the man who has everything is penicillin.,This man has lots of diseases.,bert-large-cased,J,yes,0.9298540949821472,333579264
The best way to keep the milk from turning sour is to keep it in the cold.,Milk turns sour faster when it's warm.,bert-large-cased,S,yes,0.9462636709213257,333579264
The best way to keep the milk from turning sour is to keep it in the cow.,Milk stays fresh for a long time.,bert-large-cased,J,no,0.9112510085105896,333579264
The best way to remove coffee stains from a white blouse is with detergent.,Coffee stains are impossible to wash out.,bert-large-cased,S,no,0.9392353296279907,333579264
The best way to remove coffee stains from a white blouse is with scissors.,Coffee stains are easy to wash out.,bert-large-cased,J,no,0.9509011507034302,333579264
The best way to stop an elephant from charging is to cut off its credit.,Elephants should pay in cash.,bert-large-cased,J,yes,0.9266476631164551,333579264
The best way to stop an elephant from charging is to cut off its toes.,Elephants can run quickly even without toes.,bert-large-cased,S,no,0.9211915135383606,333579264
The bill was due at the end of the month.,He had to pay by the thirty-first.,bert-large-cased,E,yes,0.940707802772522,333579264
The book that tells you where you can go on vacation is called a checkbook.,Where you go on vacation depends on how much you can afford.,bert-large-cased,J,yes,0.948361337184906,333579264
The book that tells you where you can go on vacation is called a guidebook.,Guidebooks aren't very useful for planning a trip.,bert-large-cased,S,no,0.9341067671775818,333579264
The children held their hands and formed a circle.,The children were watching television.,bert-large-cased,E,no,0.9395458102226257,333579264
The choir sang hymns while the people listened.,The people joined in the singing.,bert-large-cased,E,no,0.9712098836898804,333579264
"The convict told his cellmate how he'd blown all the money he stole on wine, women, and crack.",The convict had been a drug user.,bert-large-cased,S,yes,0.9502902030944824,333579264
"The convict told his cellmate how he'd blown all the money he stole on wine, women, and lawyers.",Lawyers are expensive.,bert-large-cased,J,yes,0.9110310673713684,333579264
"The cops claimed that the prisoner just decided to come clean, but most people think he was forced into the admission.",The prisoner may have been forced into confessing.,bert-large-cased,S,yes,0.9063584804534912,333579264
"The cops claimed that the prisoner just decided to come clean, but most people think he was forced into the bathtub.",The prisoner had been dirty and needed to be washed.,bert-large-cased,J,yes,0.8817495703697205,333579264
The curse of heavy drinking is that afterwards you get a huge bartab.,Drinking a lot can be expensive.,bert-large-cased,J,yes,0.9556625485420227,333579264
The curse of heavy drinking is that afterwards you get a huge headache.,Drinking alcohol can lead to a hangover.,bert-large-cased,S,yes,0.9629996418952942,333579264
The difference between a dog and a fox is about five beers.,Drinking makes women appear more attractive.,bert-large-cased,J,yes,0.9082411527633667,333579264
The difference between a dog and a fox is about five degrees.,Dogs and foxes have the same body temperature.,bert-large-cased,S,no,0.9511727094650269,333579264
The difference between a good speaker and a bad one is often a nice diction.,It's important to speak clearly.,bert-large-cased,S,yes,0.9451385736465454,333579264
The difference between a good speaker and a bad one is often a nice nap.,Bad speakers can put you to sleep.,bert-large-cased,J,yes,0.9391200542449951,333579264
The doctor said he could have a stroke because his arteries were getting narrow and clogged.,He was in excellent health.,bert-large-cased,E,no,0.9502845406532288,333579264
The doctor told her not to scratch no matter how much it itched.,She had a heart condition.,bert-large-cased,E,no,0.9190056920051575,333579264
The farmer put a new engine in his old tractor.,The farmer wanted to keep the tractor.,bert-large-cased,E,yes,0.9622379541397095,333579264
The first thing he does every morning is sit in the lotus position and meditate.,He starts every day with coffee and the morning news.,bert-large-cased,E,no,0.8876696228981018,333579264
The first two hundred story building opened in Chicago; it was a hotel.,Chicago has a skyscraper that's a hotel.,bert-large-cased,S,yes,0.9290320873260498,333579264
The first two hundred story building opened in Chicago; it was a library.,This building had lots of books.,bert-large-cased,J,yes,0.9277478456497192,333579264
The garment bag kept his suit from getting wrinkled.,His suit needed to be ironed.,bert-large-cased,E,no,0.9542174339294434,333579264
The husband who catches his wife in the act is probably on the snoop.,An unfaithful wife can get in trouble if her husband is on the lookout.,bert-large-cased,S,yes,0.9337515830993652,333579264
The husband who catches his wife in the act is probably on the trapeze.,His wife is cheating on him.,bert-large-cased,J,no,0.911033034324646,333579264
The last time a guy in a mask took all my money I was in shock.,I had been mugged.,bert-large-cased,S,yes,0.8517851233482361,333579264
The last time a guy in a mask took all my money I was in surgery.,I had been mugged.,bert-large-cased,J,no,0.8375046849250793,333579264
The lawyer feared that his client was guilty.,The lawyer was a prosecutor.,bert-large-cased,E,no,0.9529486298561096,333579264
The luggage handler seemed to take great delight in tossing the boxes marked fragile.,The luggage handler was very careful.,bert-large-cased,E,no,0.9599718451499939,333579264
The mole lived in a hole in the ground.,The mole was kept in the house as a pet.,bert-large-cased,E,no,0.9573850035667419,333579264
The most popular instrument in a Scottish marching band is the bagpipe.,"In Scottish marching bands, people like bagpipes more than drums.",bert-large-cased,E,yes,0.9289661049842834,333579264
The most prevalent form of legalized gambling is betting.,Betting is not very common.,bert-large-cased,S,no,0.9676964282989502,333579264
The most prevalent form of legalized gambling is elections.,People are gambling when they vote for someone.,bert-large-cased,J,yes,0.8854740858078003,333579264
The movers put the sofa on the bare floor.,The house was fully carpeted.,bert-large-cased,E,no,0.928687572479248,333579264
"The new tax forms are more realistic-- where your wife signs, it says: accomplice.",Your wife doesn't need to sign your tax form.,bert-large-cased,J,no,0.9504392147064209,333579264
"The new tax forms are more realistic-- where your wife signs, it says: partner.",Tax forms are very old-fashioned.,bert-large-cased,S,no,0.9374204874038696,333579264
The newspaper photo was so murky he couldn't figure out who it was until he read the caption.,He could see the person in the photo clearly.,bert-large-cased,E,no,0.9388033747673035,333579264
The nurse gave him detailed instructions about how to clean the wound and put on a fresh bandage.,He had been injured.,bert-large-cased,E,yes,0.9339390993118286,333579264
The old wealthy family lived in a twelve bedroom mansion.,They lived in a small home.,bert-large-cased,E,no,0.9498001933097839,333579264
The only crop that is grown in America and harvested abroad is the American tobacco.,Very few foreigners smoke American cigarettes.,bert-large-cased,S,no,0.951373815536499,333579264
The only crop that is grown in America and harvested abroad is the American tourist.,Tourists spend a lot of money in other countries.,bert-large-cased,J,yes,0.9247929453849792,333579264
The only fishing through the ice that some men ever do is for the olive.,Some men fish; others just drink martinis.,bert-large-cased,J,yes,0.944082498550415,333579264
The only fishing through the ice that some men ever do is for the trout.,Some ice fishermen only want to catch trout.,bert-large-cased,S,yes,0.9423103928565979,333579264
The only ones who want me for my body are losers.,Everybody finds me very attractive.,bert-large-cased,S,no,0.9478577375411987,333579264
The only ones who want me for my body are mosquitoes.,People find me very sexy.,bert-large-cased,J,no,0.9559237360954285,333579264
The only person who sticks closer to you in adversity than a friend is a creditor.,People you owe money to don't hang around much.,bert-large-cased,J,no,0.9481058716773987,333579264
The only person who sticks closer to you in adversity than a friend is a spouse.,You just can't depend on a husband or wife.,bert-large-cased,S,no,0.939035177230835,333579264
The only place where you can find people who spend all their time minding their own business is the bank.,People at banks are very nosy.,bert-large-cased,S,no,0.9310820698738098,333579264
The only place where you can find people who spend all their time minding their own business is the cemetery.,Everybody is nosy to some extent.,bert-large-cased,J,yes,0.9425591230392456,333579264
The only thing money can't buy is generosity.,Just because you have money doesn't mean you'll share it.,bert-large-cased,S,yes,0.9434805512428284,333579264
The only thing money can't buy is poverty.,Money can buy almost anything.,bert-large-cased,J,yes,0.9657208919525146,333579264
The only time my father ever raised a hand to his children was in discipline.,My father didn't believe in corporal punishment.,bert-large-cased,S,no,0.9252678751945496,333579264
The only time my father ever raised a hand to his children was in self-defense.,My father beat his children a lot.,bert-large-cased,J,no,0.914945125579834,333579264
The paint turned out to be the wrong color.,They were putting up wallpaper.,bert-large-cased,E,no,0.9399203658103943,333579264
The painter used water-based paint for the interior of the house but enamel for the exterior.,He used the same paint both inside and outside the house.,bert-large-cased,E,no,0.9658365249633789,333579264
The penalty for dishonesty is the disgrace of dying rich.,Liars never win.,bert-large-cased,J,no,0.9209198951721191,333579264
The penalty for dishonesty is the disgrace of dying unloved.,People who lie don't have many friends.,bert-large-cased,S,yes,0.9254619479179382,333579264
The perfect companion to a vegetarian dinner is a salad.,A vegetarian meal doesn't need a salad.,bert-large-cased,S,no,0.9432977437973022,333579264
The perfect companion to a vegetarian dinner is a steak.,I don't believe in eating meat.,bert-large-cased,J,no,0.9047839641571045,333579264
The policeman saw him throw the bottle out the window and gave him a ticket for littering.,He got a ticket for speeding.,bert-large-cased,E,no,0.9444382190704346,333579264
The Republican candidate won the election by a landslide.,The election was very close.,bert-large-cased,E,no,0.9519336223602295,333579264
The rodeo champion was quite proud of his big silver belt buckle.,The rodeo champion didn't wear a belt.,bert-large-cased,E,no,0.9444227814674377,333579264
The show had one act that was really offbeat: the clowns.,The clowns were really out of the ordinary.,bert-large-cased,S,yes,0.9381349086761475,333579264
The show had one act that was really offbeat: the singer.,The singer had poor rhythm.,bert-large-cased,J,yes,0.8858285546302795,333579264
The surgeon tried vainly to save his patient.,The patient died.,bert-large-cased,E,yes,0.9684699773788452,333579264
The teacher wrote the problem on the board.,The teacher was going to explain the problem.,bert-large-cased,E,yes,0.9265713095664978,333579264
The terrorists planted a bomb in the airport and four people were killed in the explosion.,The bomb squad was able to defuse the bomb.,bert-large-cased,E,no,0.8925217390060425,333579264
The tourist bureau told the visitors there was plenty of hunting in this part of the country but very little finding.,Things are hard to find in this area.,bert-large-cased,J,yes,0.9365360140800476,333579264
The tourist bureau told the visitors there was plenty of hunting in this part of the country but very little sightseeing.,There aren't many tourist sights in the area.,bert-large-cased,S,yes,0.9182888865470886,333579264
The victim was rushed to the hospital in an ambulance.,The victim wasn't hurt in the accident.,bert-large-cased,E,no,0.8973424434661865,333579264
The visitor stared at the grandfather clock and seemed almost hypnotized by the swinging of the pendulum.,The visitor could see the clock.,bert-large-cased,E,yes,0.9564362168312073,333579264
The whole town came to hear their mayor speak.,The people wanted to hear what the mayor would say.,bert-large-cased,E,yes,0.9569379687309265,333579264
The wind was so strong it blew out three fuses.,The wind affected the electrical system.,bert-large-cased,J,yes,0.952725350856781,333579264
The wind was so strong it blew out three streetlights.,The storm didn't cause any damage.,bert-large-cased,S,no,0.9258066415786743,333579264
The woman in the grocery store was handing out free samples.,The samples cost ten cents each.,bert-large-cased,E,no,0.9209653735160828,333579264
The woman who has her husband eating out of her hand must save a lot of dishwashing.,The husband washes all the dishes.,bert-large-cased,J,no,0.9152726531028748,333579264
The woman who has her husband eating out of her hand must save a lot of heartbreak.,She's happy because her husband does what she wants.,bert-large-cased,S,yes,0.9506058096885681,333579264
There were over a hundred trees in the apple orchard.,It was an extremely small orchard.,bert-large-cased,E,no,0.9717278480529785,333579264
They planned to dig a tunnel in order to escape.,They were being held prisoner.,bert-large-cased,E,yes,0.9553841352462769,333579264
They redecorated the bar with new drunks.,The bar has all new furniture.,bert-large-cased,J,no,0.9415830373764038,333579264
They redecorated the bar with new wood.,The bar is all chrome and glass.,bert-large-cased,S,no,0.9451984167098999,333579264
They went to Las Vegas and got married in one of those quickie wedding chapels.,They spent months planning a big wedding.,bert-large-cased,E,no,0.9588083028793335,333579264
This fall two things are turning yellow: trees and bushes.,The leaves are changing color.,bert-large-cased,S,yes,0.9068667888641357,333579264
This fall two things are turning yellow: trees and investors.,Investors are becoming scared.,bert-large-cased,J,yes,0.9000632166862488,333579264
"This house comes with a lot of extras, mostly termites.",The house is free of bugs.,bert-large-cased,J,no,0.9413390159606934,333579264
"This house comes with a lot of extras, mostly upgrades.",The house would be a good purchase.,bert-large-cased,S,yes,0.9360745549201965,333579264
"This new computer works so quickly, it comes complete with games.","If you use this computer, you'll have time left to play.",bert-large-cased,S,yes,0.9426789879798889,333579264
"This new computer works so quickly, it comes complete with ulcers.",The computer feels no stress.,bert-large-cased,J,no,0.9357503652572632,333579264
"Though most people think it's Rome, the world's most beloved capital is actually dollars.",People love money.,bert-large-cased,J,yes,0.944456934928894,333579264
"Though most people think it's Rome, the world's most beloved capital is actually Vienna.",Rome is more beloved than Vienna.,bert-large-cased,S,no,0.9523589015007019,333579264
Three people were killed in a major highway accident.,The accident had not been fatal.,bert-large-cased,E,no,0.9524460434913635,333579264
Tim threw a rock and broke the window.,Tim was playing baseball.,bert-large-cased,E,no,0.8814001679420471,333579264
"To clothe one soldier, it takes the wool from two sheep and the hides from three animals.",Military uniforms are made from natural materials.,bert-large-cased,S,yes,0.9036726355552673,333579264
"To clothe one soldier, it takes the wool from two sheep and the hides from three taxpayers.",Military uniforms are expensive.,bert-large-cased,J,yes,0.9293060898780823,333579264
"To get something done, a committee should consist of no more than three people, two of whom are dead.",Groups are more efficient than individuals.,bert-large-cased,J,no,0.9445136785507202,333579264
"To get something done, a committee should consist of no more than three people, two of whom are workers.",A committee works best with one leader.,bert-large-cased,S,yes,0.9466027021408081,333579264
To keep the dogs out of the yard he put up a fence.,He was worried his pet would escape.,bert-large-cased,E,no,0.9397127628326416,333579264
To pay for the car Al simply wrote a check.,Al paid with a credit card.,bert-large-cased,E,no,0.9665493965148926,333579264
Too many girls believe that the chief foundation for true love is a large fortune.,A lot of women marry for money.,bert-large-cased,S,yes,0.9238752126693726,333579264
Too many girls believe that the chief foundation for true love is a large stone.,Some girls just want a big diamond ring.,bert-large-cased,J,yes,0.9143717288970947,333579264
Two things are essential for success: wealth and fame.,Having money without celebrity is still success.,bert-large-cased,S,no,0.9536203145980835,333579264
Two things are essential for success: wealth and money.,You don't need much cash to succeed in business.,bert-large-cased,J,no,0.9422318935394287,333579264
We finally got a decent picture on the TV after an hour of adjusting the antenna.,The TV had poor reception.,bert-large-cased,E,yes,0.9415944814682007,333579264
We live in a lovely suburb; it's just two miles beyond our income.,We can't afford to live where we do.,bert-large-cased,J,yes,0.9512104392051697,333579264
We live in a lovely suburb; it's just two miles beyond our town.,The suburb is far from the city.,bert-large-cased,S,no,0.9465764164924622,333579264
"We used to have food on the table as soon as the customer was seated, but our new system requires more effort.",We have to work harder now.,bert-large-cased,S,yes,0.9252678155899048,333579264
"We used to have food on the table as soon as the customer was seated, but our new system requires more plates.",Our service is faster now.,bert-large-cased,J,no,0.9249141216278076,333579264
"When an irresistible force meets an immovable object, you get two very angry entities.","When one thing runs into another, both become unhappy.",bert-large-cased,S,yes,0.9275251626968384,333579264
"When an irresistible force meets an immovable object, you get two very angry women.",Women can be stubborn.,bert-large-cased,J,yes,0.9029369950294495,333579264
"When he stepped into the elevator, he knew Jennifer had just been there by the smell of her perfume.",Jennifer wore strong perfume.,bert-large-cased,E,yes,0.9216945171356201,333579264
"When I asked how long I should cook the noodles, he said at least ten inches.",The noodles should be at least ten inches long.,bert-large-cased,J,yes,0.9302648305892944,333579264
"When I asked how long I should cook the noodles, he said at least ten seconds.",They had already eaten.,bert-large-cased,S,no,0.9108787775039673,333579264
"When I asked the bartender for something cold and full of rum, he recommended his daiquiri.",The bartender recommended a drink.,bert-large-cased,S,yes,0.9557474851608276,333579264
"When I asked the bartender for something cold and full of rum, he recommended his wife.",The bartender was married.,bert-large-cased,J,yes,0.9358671307563782,333579264
"When I found out how much my wife spent on dresses last year, I dumped her and proposed to the dressmaker.",The dressmaker had a lot of my money.,bert-large-cased,J,yes,0.898810625076294,333579264
"When I found out how much my wife spent on dresses last year, I dumped her and proposed to the mistress.",I had been faithful to my wife.,bert-large-cased,S,no,0.8927778005599976,333579264
"When it comes to keeping warm, nothing beats a thermal brunette.",A down parka is the best way to keep warm.,bert-large-cased,J,no,0.9334492683410645,333579264
"When it comes to keeping warm, nothing beats a thermal parka.",A trenchcoat is the best way to keep warm.,bert-large-cased,S,no,0.9643125534057617,333579264
"When John bought a bulldog, it was no time at all before he had that dog eating out of his fingers.",He trained the dog well.,bert-large-cased,S,yes,0.9119142293930054,333579264
"When John bought a bulldog, it was no time at all before he had that dog eating out of his leg.",The dog was aggressive.,bert-large-cased,J,yes,0.9041927456855774,333579264
"When reviewing your notes for a test, the most important ones will be capitalized.",Pay more attention to the things in small print.,bert-large-cased,S,no,0.9386895895004272,333579264
"When reviewing your notes for a test, the most important ones will be illegible.",Important notes are written clearly so they stand out.,bert-large-cased,J,no,0.9398071765899658,333579264
"When the kid came into the store and asked for empty boxes, the owner gave him the crate.",The kid didn't get any boxes.,bert-large-cased,S,no,0.9118125438690186,333579264
"When the kid came into the store and asked for empty boxes, the owner gave him the register.",The store had made a lot of money.,bert-large-cased,J,no,0.9339838027954102,333579264
When they were in London they visited Buckingham Palace.,They made a trip to England.,bert-large-cased,E,yes,0.974317193031311,333579264
"When we got divorced, my wife and I split the house; she got the inside.",I got the outside.,bert-large-cased,J,yes,0.9135808944702148,333579264
"When we got divorced, my wife and I split the house; she got the kitchen.",My wife gave me the kitchen items.,bert-large-cased,S,no,0.941482424736023,333579264
"When we watch a sexy movie, my wife leans over and breathes on my collar.",She wants to get me excited.,bert-large-cased,S,yes,0.8813339471817017,333579264
"When we watch a sexy movie, my wife leans over and breathes on my glasses.",She wants me to see the movie.,bert-large-cased,J,no,0.8824764490127563,333579264
"When you go to bed, turn off the lights.",The lights are on.,bert-large-cased,E,yes,0.9580358266830444,333579264
"When you own an ice cream business, your favorite flavor is aspirin.",Running an ice cream business can give you a headache.,bert-large-cased,J,yes,0.9405316710472107,333579264
"When you own an ice cream business, your favorite flavor is everything.",You start to like all the flavors.,bert-large-cased,S,yes,0.9025808572769165,333579264
"Where I'm from, the two most common elements are hydrogen and nitrogen.",Phosphorus is the most common element in my hometown.,bert-large-cased,S,no,0.950387179851532,333579264
"Where I'm from, the two most common elements are hydrogen and stupidity.",People in my hometown are very smart.,bert-large-cased,J,no,0.933262825012207,333579264
"Women don't dress to please men; if they did, they'd dress a lot faster.",Women take a long time to get dressed.,bert-large-cased,J,yes,0.9559906125068665,333579264
"Women don't dress to please men; if they did, they'd dress a lot scantier.",Men prefer women who wear a lot of clothes.,bert-large-cased,S,no,0.9615355730056763,333579264
Women were not allowed to vote until when Congress passed the nineteenth amendment to the constitution.,Women in 1900 could not vote.,bert-large-cased,E,yes,0.9550001621246338,333579264
Yesterday they canoed down the river.,They spent yesterday outdoors.,bert-large-cased,E,yes,0.9209954738616943,333579264
You can keep your kids out of hot water with dishes.,Kids like to wash dishes.,bert-large-cased,J,no,0.9462674856185913,333579264
You can keep your kids out of hot water with rules.,Clear boundaries help keep kids out of trouble.,bert-large-cased,S,yes,0.8846582174301147,333579264
You could tell he had grown up in the South by his accent.,He talked like a Southerner.,bert-large-cased,E,yes,0.9309858679771423,333579264
