model,sentence,answer,condition,correct,yes_lp,no_lp,lp_ratio,is_joke
mistralai/Mixtral-8x7B-v0.1,A committee keeps minutes and takes hours.,Committees are very efficient.,J,no,-1.2119141,-2.4296875,1.2177734,True
mistralai/Mixtral-8x7B-v0.1,A committee keeps minutes and takes votes.,Committees keep records and make decisions.,S,yes,-1.3212891,-1.9775391,0.65625,False
mistralai/Mixtral-8x7B-v0.1,A device for finding furniture in the dark is a candle.,The candle gives off light.,S,yes,-1.1660156,-2.2753906,1.1093750000000002,False
mistralai/Mixtral-8x7B-v0.1,A device for finding furniture in the dark is a shin.,People run into furniture when it's dark.,J,yes,-1.1845703,-2.4335938,1.2490235,True
mistralai/Mixtral-8x7B-v0.1,A good source of vitamin A is orange vegetables like carrots.,Carrots contain vitamin A.,E,yes,-2.6367188,-1.1210938,-1.5156250000000002,False
mistralai/Mixtral-8x7B-v0.1,A good way to blow your mind is to smoke gunpowder.,An explosion can blow your brains out.,J,yes,-1.2451172,-1.8544922,0.609375,True
mistralai/Mixtral-8x7B-v0.1,A good way to blow your mind is to smoke heroin.,Heroin will affect your brain.,S,yes,-1.2470703,-1.9501953,0.703125,False
mistralai/Mixtral-8x7B-v0.1,A man who has lost ninety percent of his brain is called a widower.,His wife wasn't very smart.,J,no,-1.3378906,-1.7753906,0.4375,True
mistralai/Mixtral-8x7B-v0.1,A man who has lost ninety percent of his brain is called a zombie.,A zombie still has an intact brain.,S,no,-1.2783203,-1.8251953,0.546875,False
mistralai/Mixtral-8x7B-v0.1,A problem drinker is one who never buys.,One should take turns paying for the drinks.,J,yes,-1.4755859,-2.1621094,0.6865234999999998,True
mistralai/Mixtral-8x7B-v0.1,A problem drinker is one who never quits.,Non-stop drinking isn't much of a problem.,S,no,-1.4169922,-2.3242188,0.9072266000000002,False
mistralai/Mixtral-8x7B-v0.1,A replacement player hit a home run with my ball.,The player was playing baseball.,S,yes,-1.3652344,-1.8652344,0.5,False
mistralai/Mixtral-8x7B-v0.1,A replacement player hit a home run with my girl.,Someone else slept with my girlfriend.,J,yes,-1.2041016,-1.8603516,0.65625,True
mistralai/Mixtral-8x7B-v0.1,A thoughtful wife has pork chops ready when her husband comes home from fishing.,She thinks her husband will catch lots of fish.,J,no,-1.5742188,-1.4648438,-0.109375,True
mistralai/Mixtral-8x7B-v0.1,A thoughtful wife has pork chops ready when her husband comes home from working.,A nice wife cooks dinner for her husband.,S,yes,-1.7509766,-1.3291016,-0.421875,False
mistralai/Mixtral-8x7B-v0.1,A vacation is the shortest distance between two locations.,A trip seems longer when you are on vacation.,S,no,-1.3251953,-2.1386719,0.8134765999999998,False
mistralai/Mixtral-8x7B-v0.1,A vacation is the shortest distance between two paychecks.,Vacations cost a lot of money.,J,yes,-1.2158203,-2.6992188,1.4833985,True
mistralai/Mixtral-8x7B-v0.1,"After Olga tore her red dress, she went to the store for a needle and a spool of red thread.",She planned to throw the dress away.,E,no,-1.6064453,-1.4345703,-0.171875,False
mistralai/Mixtral-8x7B-v0.1,"All roads lead to Rome, and all detours lead to profanity.",People are frustrated by detours.,J,yes,-1.2880859,-2.5234375,1.2353516,True
mistralai/Mixtral-8x7B-v0.1,"All roads lead to Rome, and all detours lead to somewhere.",Detours never go anywhere.,S,no,-1.3740234,-1.8115234,0.4375,False
mistralai/Mixtral-8x7B-v0.1,All the plates were garnished with little sprigs of parsley.,Each plate had some parsley on it.,E,yes,-1.7578125,-1.3671875,-0.390625,False
mistralai/Mixtral-8x7B-v0.1,Another thing a small boy is constantly outgrowing is his allowance.,Kids always want more money.,J,yes,-1.3896484,-2.0449219,0.6552734999999998,True
mistralai/Mixtral-8x7B-v0.1,Another thing a small boy is constantly outgrowing is his underwear.,Boys need new clothes often.,S,yes,-1.2314453,-2.1210938,0.8896485000000001,False
mistralai/Mixtral-8x7B-v0.1,Another thing that has developed by leaps and bounds is the modern dance.,Dancing has changed a lot over the years.,J,yes,-1.6220703,-1.5283203,-0.09375,True
mistralai/Mixtral-8x7B-v0.1,Another thing that has developed by leaps and bounds is the modern science.,Science has progressed at a snail's pace.,S,no,-2.140625,-1.4052734,-0.7353516,False
mistralai/Mixtral-8x7B-v0.1,Arguments between couples are healthy; sometimes they even prevent breakups.,It's okay for couples to argue sometimes.,S,yes,-1.9023438,-1.5742188,-0.328125,False
mistralai/Mixtral-8x7B-v0.1,Arguments between couples are healthy; sometimes they even prevent marriage.,Marriage is a wonderful thing.,J,no,-1.4726562,-1.8476562,0.375,True
mistralai/Mixtral-8x7B-v0.1,Autobiography is an unrivaled vehicle for telling the truth about others.,Writing an autobiography can unmask your true self.,J,no,-1.7294922,-1.6982422,-0.03125,True
mistralai/Mixtral-8x7B-v0.1,Autobiography is an unrivaled vehicle for telling the truth about somebody.,Autobiographies don't reveal much about a person.,S,no,-1.9736328,-1.6142578,-0.359375,False
mistralai/Mixtral-8x7B-v0.1,Autumn is a good time to buy some new clothes.,It's good to buy clothes before the winter.,E,yes,-1.8925781,-1.4550781,-0.4375,False
mistralai/Mixtral-8x7B-v0.1,"Because of his diabetes, he had to take daily shots of insulin.",He took insulin once a week.,E,no,-1.7958984,-1.3740234,-0.421875,False
mistralai/Mixtral-8x7B-v0.1,"Before the outdoor concert, he packed a basket with wine and food for a picnic.",He was planning to eat outdoors.,E,yes,-1.9765625,-1.1015625,-0.875,False
mistralai/Mixtral-8x7B-v0.1,Bill jumped in the lake and made a big splash.,Bill went for a swim.,E,yes,-2.0859375,-1.0380859,-1.0478516,False
mistralai/Mixtral-8x7B-v0.1,"By the time Mary had her fourteenth child, she'd run out of names to call her husband.",Mary was happy to have another child.,J,no,-1.0849609,-2.1328125,1.0478516,True
mistralai/Mixtral-8x7B-v0.1,"By the time Mary had her fourteenth child, she'd run out of names to call her offspring.",Mary had no problem naming her new baby.,S,no,-1.0966797,-2.1914062,1.0947265,False
mistralai/Mixtral-8x7B-v0.1,"Charged with statutory rape, he told the judge he didn't know she was a statue.",He was on trial for a sex-related crime.,J,yes,-1.0185547,-2.3320312,1.3134765,True
mistralai/Mixtral-8x7B-v0.1,"Charged with statutory rape, he told the judge he didn't know she was a teenager.",He had slept with a young woman.,S,yes,-1.2226562,-1.9257812,0.703125,False
mistralai/Mixtral-8x7B-v0.1,Cocktail lounges are usually half lit to match the patrons.,The people have often had a bit too much to drink.,J,yes,-1.1689453,-2.3554688,1.1865235,True
mistralai/Mixtral-8x7B-v0.1,Cocktail lounges are usually half lit to match the setting.,Bright lights can ruin the atmosphere in a cocktail lounge.,S,yes,-1.2363281,-2.1269531,0.8906250000000002,False
mistralai/Mixtral-8x7B-v0.1,"Congress taxes our income, our property, and our patience.",We're very happy with Congress.,J,no,-1.3583984,-1.9677734,0.609375,True
mistralai/Mixtral-8x7B-v0.1,"Congress taxes our income, our property, and our purchases.",There are very few taxes.,S,no,-1.7226562,-1.4257812,-0.296875,False
mistralai/Mixtral-8x7B-v0.1,"Diamonds are produced by great pressure, usually provided by a girlfriend.",Some men are reluctant to get engaged.,J,yes,-1.1181641,-2.1347656,1.0166015000000002,True
mistralai/Mixtral-8x7B-v0.1,"Diamonds are produced by great pressure, usually provided by a piston.",Diamonds can be made by machine.,S,yes,-1.3779297,-1.3154297,-0.0625,False
mistralai/Mixtral-8x7B-v0.1,Dogs crack open bones so they can eat the marrow.,Dogs like to eat bone marrow.,E,yes,-1.3388672,-1.5732422,0.234375,False
mistralai/Mixtral-8x7B-v0.1,"During the worst part of the drought, people were encouraged to not always flush the toilet.",Water was in short supply.,E,yes,-1.0849609,-1.8974609,0.8125,False
mistralai/Mixtral-8x7B-v0.1,Eva turned down the heat and left the sauce on the stove to simmer.,Eva was cooking.,E,yes,-2.0234375,-1.1171875,-0.90625,False
mistralai/Mixtral-8x7B-v0.1,Every introductory sailing class includes learning how to save a man drowning.,Beginning sailing classes emphasize safety.,E,yes,-1.3730469,-1.8261719,0.453125,False
mistralai/Mixtral-8x7B-v0.1,"Every time I wear my spring coat in the rain, it damages the fabric.",My coat is waterproof.,S,no,-1.6132812,-1.5507812,-0.0625,False
mistralai/Mixtral-8x7B-v0.1,"Every time I wear my spring coat in the rain, it damages the springs.",Water isn't good for my coat.,J,yes,-1.2695312,-1.8632812,0.59375,True
mistralai/Mixtral-8x7B-v0.1,Everyone had so much fun diving from the tree into the swimming pool we decided to put in a little platform.,The platform is for sunbathing.,S,no,-1.3720703,-1.7158203,0.34375,False
mistralai/Mixtral-8x7B-v0.1,Everyone had so much fun diving from the tree into the swimming pool we decided to put in a little water.,The pool was empty.,J,yes,-1.1328125,-1.9609375,0.828125,True
mistralai/Mixtral-8x7B-v0.1,"Except for not having a shell, slugs are a lot like snails.",Slugs and snails are similar.,E,yes,-1.3066406,-1.7285156,0.421875,False
mistralai/Mixtral-8x7B-v0.1,"Figures don't lie, except on the beaches.",People lie in the sand.,J,yes,-1.0761719,-2.4824219,1.4062499999999998,True
mistralai/Mixtral-8x7B-v0.1,"Figures don't lie, except on the page.",Statistics are completely reliable.,S,no,-1.2138672,-2.4648438,1.2509766000000002,False
mistralai/Mixtral-8x7B-v0.1,"For a great vacation, put the kids in the back seat, and take a cruise.",A road trip with the kids can be a lot of fun.,J,no,-1.4726562,-1.8320312,0.359375,True
mistralai/Mixtral-8x7B-v0.1,"For a great vacation, put the kids in the back seat, and take a freeway.",A road trip can be a fun vacation.,S,yes,-1.3925781,-2.0957031,0.7031250000000002,False
mistralai/Mixtral-8x7B-v0.1,"For his thirtieth birthday, all his friends gathered to celebrate.",There was a party for his birthday.,E,yes,-1.9169922,-1.3076172,-0.609375,False
mistralai/Mixtral-8x7B-v0.1,For lunch he had an apple and a peanut butter sandwich.,He ate a cold lunch.,E,yes,-2.2050781,-1.1884766,-1.0166015000000002,False
mistralai/Mixtral-8x7B-v0.1,"Frequent naps prevent old age, especially when taken while driving.",Falling asleep while driving can kill you.,J,yes,-1.0917969,-2.2949219,1.2031249999999998,True
mistralai/Mixtral-8x7B-v0.1,"Frequent naps prevent old age, especially when taken while relaxed.",It's best to nap when you are very stressed.,S,no,-1.2783203,-2.0429688,0.7646485000000001,False
mistralai/Mixtral-8x7B-v0.1,Good Friday commemorates the Last Supper that Jesus had with his twelve disciples.,Good Friday is a religious holiday.,E,yes,-1.9394531,-1.0644531,-0.875,False
mistralai/Mixtral-8x7B-v0.1,Hal wrote her a love letter.,Hal didn't like her very much.,E,no,-1.625,-1.578125,-0.046875,False
mistralai/Mixtral-8x7B-v0.1,"He asked if I'd join him in a bowl of soup, but I told him we didn't have enough change.",We don't have enough money for soup.,S,yes,-1.0742188,-1.9648438,0.890625,False
mistralai/Mixtral-8x7B-v0.1,"He asked if I'd join him in a bowl of soup, but I told him we didn't have enough room.",We can't afford the soup.,J,no,-1.1054688,-1.8867188,0.78125,True
mistralai/Mixtral-8x7B-v0.1,He drank so much that he eventually became a beverage.,He gave up drinking.,J,no,-1.0273438,-2.0898438,1.0625000000000002,True
mistralai/Mixtral-8x7B-v0.1,He drank so much that he eventually became a lush.,He became an alcoholic.,S,yes,-1.4970703,-1.5283203,0.03125,False
mistralai/Mixtral-8x7B-v0.1,He got a medal for bravery on the beach when he rescued a girl from a lifeguard.,He saved the girl from drowning.,J,no,-1.2617188,-1.9335938,0.671875,True
mistralai/Mixtral-8x7B-v0.1,He got a medal for bravery on the beach when he rescued a girl from a shipwreck.,The girl had been on a ship.,S,yes,-1.8203125,-1.3984375,-0.421875,False
mistralai/Mixtral-8x7B-v0.1,He hung her coat in the closet.,She had been wearing a coat.,E,yes,-1.9179688,-1.2773438,-0.640625,False
mistralai/Mixtral-8x7B-v0.1,He is at the age when all the numbers in his little black book belong to doctors.,He is getting old.,J,yes,-1.1162109,-2.5058594,1.3896484999999998,True
mistralai/Mixtral-8x7B-v0.1,He is at the age when all the numbers in his little black book belong to friends.,He is a real playboy.,S,no,-1.25,-2.140625,0.890625,False
mistralai/Mixtral-8x7B-v0.1,"He is probably the best boxer in the country, but he always loses in the city.",He would win in Las Vegas.,J,no,-1.3476562,-1.7539062,0.40625,True
mistralai/Mixtral-8x7B-v0.1,"He is probably the best boxer in the country, but he always loses in the competition.",He always wins the championship.,S,no,-1.6044922,-1.7763672,0.171875,False
mistralai/Mixtral-8x7B-v0.1,He likes to make things around the house; this week it's the maid.,He's having an affair with a member of the household staff.,J,yes,-1.2089844,-2.0371094,0.8281249999999998,True
mistralai/Mixtral-8x7B-v0.1,He likes to make things around the house; this week it's the shelves.,He isn't very good with his hands.,S,no,-1.6181641,-1.4619141,-0.15625,False
mistralai/Mixtral-8x7B-v0.1,"He owns stock in a company that pays quarterly dividends, so every three months they send him a quarter.",His dividends are quite large.,J,no,-1.1503906,-1.9472656,0.796875,True
mistralai/Mixtral-8x7B-v0.1,"He owns stock in a company that pays quarterly dividends, so every three months they send him a statement.",He never hears from the company.,S,no,-1.4248047,-1.7216797,0.296875,False
mistralai/Mixtral-8x7B-v0.1,He says he doesn't like to drink because it makes him feel happy.,Drinking makes him feel depressed.,J,no,-1.5371094,-1.5839844,0.046875,True
mistralai/Mixtral-8x7B-v0.1,He says he doesn't like to drink because it makes him feel sad.,Alcohol depresses him.,S,yes,-1.7490234,-1.5146484,-0.234375,False
mistralai/Mixtral-8x7B-v0.1,He spilled some of the quart of oil onto the engine because he didn't have a funnel.,He was pouring oil into the car.,E,yes,-1.4228516,-1.5166016,0.09375,False
mistralai/Mixtral-8x7B-v0.1,"He thought that he could turn from Grant onto Prince, but the two streets are parallel.",He was at the corner of Grant and Prince.,E,no,-1.3291016,-1.4697266,0.140625,False
mistralai/Mixtral-8x7B-v0.1,"He told her he wasn't himself, and she said she'd noticed the improvement.",She liked him better when he wasn't himself.,J,yes,-0.9951172,-2.1367188,1.1416016,True
mistralai/Mixtral-8x7B-v0.1,"He told her he wasn't himself, and she said she'd noticed the problem.",He was behaving normally.,S,no,-1.3085938,-1.6367188,0.328125,False
mistralai/Mixtral-8x7B-v0.1,"He told me he just bought a set of balloon tires, and I told him I didn't even know he owned a balloon.",He got the tires for free.,J,no,-1.0214844,-1.8808594,0.859375,True
mistralai/Mixtral-8x7B-v0.1,"He told me he just bought a set of balloon tires, and I told him I didn't even know he owned a truck.",He bought new tires for his truck.,S,yes,-1.015625,-1.953125,0.9375,False
mistralai/Mixtral-8x7B-v0.1,"He told me he's not broke, just badly bent.",He's doing quite well.,J,no,-1.2167969,-2.1386719,0.9218749999999998,True
mistralai/Mixtral-8x7B-v0.1,"He told me he's not broke, just badly off.",He has lots of money.,S,no,-1.3193359,-1.9599609,0.640625,False
mistralai/Mixtral-8x7B-v0.1,He was teaching his girlfriend how to swim when the lifeguard made them move to the lake.,They were in the water.,J,no,-1.0595703,-1.9033203,0.84375,True
mistralai/Mixtral-8x7B-v0.1,He was teaching his girlfriend how to swim when the lifeguard made them move to the shallows.,They were in deep water.,S,yes,-1.0654297,-1.9091797,0.84375,False
mistralai/Mixtral-8x7B-v0.1,He wondered if the storm had done much damage.,It had been a terrible storm.,E,yes,-1.7304688,-1.4804688,-0.25,False
mistralai/Mixtral-8x7B-v0.1,"He's never given a girl a present, but he did give a few a pretty good reputation.",He never gets girls into trouble.,J,no,-1.2412109,-2.0214844,0.7802734999999998,True
mistralai/Mixtral-8x7B-v0.1,"He's never given a girl a present, but he did give a few a pretty good surprise.",He buys his girlfriends lavish gifts.,S,no,-1.1904297,-2.0800781,0.8896484000000002,False
mistralai/Mixtral-8x7B-v0.1,He's planning an extended vacation: he hopes to spend three weeks on his couch.,He's going to sleep a lot.,J,yes,-1.1630859,-1.9443359,0.78125,True
mistralai/Mixtral-8x7B-v0.1,He's planning an extended vacation: he hopes to spend three weeks on his sailboat.,He's going sailing for three weeks.,S,yes,-1.5498047,-1.5654297,0.015625,False
mistralai/Mixtral-8x7B-v0.1,Her press agent was operated on for an ingrown beeper.,Her press agent needed actual medical surgery.,J,no,-1.125,-2.21875,1.09375,True
mistralai/Mixtral-8x7B-v0.1,Her press agent was operated on for an ingrown eyelash.,She needed medical surgery.,S,yes,-1.2001953,-1.9814453,0.78125,False
mistralai/Mixtral-8x7B-v0.1,His doctor recommended he stay flat on his back ever since he was hit by a motorist.,He got run over by a car.,S,yes,-1.1376953,-1.9814453,0.84375,False
mistralai/Mixtral-8x7B-v0.1,His doctor recommended he stay flat on his back ever since he was hit by a steamroller.,He should get out of bed as soon as possible.,J,no,-1.0947266,-2.0800781,0.9853515000000002,True
mistralai/Mixtral-8x7B-v0.1,His job was to keep the sidewalk clean.,He was a doctor.,E,no,-1.265625,-1.765625,0.5,False
mistralai/Mixtral-8x7B-v0.1,His sandwich came with chips and a dill pickle.,He was about to eat.,E,yes,-1.8046875,-1.2109375,-0.59375,False
mistralai/Mixtral-8x7B-v0.1,His wife sued for divorce and asked for custody of the cash.,She wanted to keep the money.,J,yes,-1.1796875,-2.0078125,0.828125,True
mistralai/Mixtral-8x7B-v0.1,His wife sued for divorce and asked for custody of the cat.,She was very fond of her pet.,S,yes,-1.4013672,-1.5888672,0.1875,False
mistralai/Mixtral-8x7B-v0.1,"I appreciate the more expensive things in life: diamonds, caviar, and champagne.","I prefer a simple, country life.",S,no,-1.6933594,-1.8496094,0.15625,False
mistralai/Mixtral-8x7B-v0.1,"I appreciate the more expensive things in life: diamonds, caviar, and postage.",It's expensive to mail things nowadays.,J,yes,-1.2011719,-2.4511719,1.2499999999999998,True
mistralai/Mixtral-8x7B-v0.1,"I asked him if he started out as an editor, and he said that years ago he used to be a boy.",He wasn't an editor when he was young.,J,yes,-1.1279297,-1.8935547,0.765625,True
mistralai/Mixtral-8x7B-v0.1,"I asked him if he started out as an editor, and he said that years ago he used to be a journalist.",He was never a reporter.,S,no,-1.6162109,-1.5068359,-0.109375,False
mistralai/Mixtral-8x7B-v0.1,"I asked the florist what I should give to my girlfriend, and he suggested his address.",The florist would like to meet the girlfriend.,J,yes,-1.0380859,-2.8515625,1.8134766,True
mistralai/Mixtral-8x7B-v0.1,"I asked the florist what I should give to my girlfriend, and he suggested his tulips.",The florist thought I should give her roses.,S,no,-1.40625,-2.15625,0.75,False
mistralai/Mixtral-8x7B-v0.1,"I asked the woman at the party if she remembered me from last year, and she said she never forgets a dress.",The woman notices what clothes people wear.,J,yes,-1.1220703,-2.5742188,1.4521485,True
mistralai/Mixtral-8x7B-v0.1,"I asked the woman at the party if she remembered me from last year, and she said she never forgets a name.",She didn't remember my name.,S,no,-1.15625,-2.34375,1.1875,False
mistralai/Mixtral-8x7B-v0.1,"I can walk on water, but I stagger on alcohol.",I can walk just fine even when I'm drunk.,J,no,-1.2988281,-2.1894531,0.8906250000000002,True
mistralai/Mixtral-8x7B-v0.1,"I can walk on water, but I stagger on concrete.",I have no trouble walking on hard surfaces.,S,no,-1.3271484,-2.0449219,0.7177734999999998,False
mistralai/Mixtral-8x7B-v0.1,"I decided to start saving for a rainy day, so I went to a savings and loan and deposited my pay.",I'm saving money in case I need it later.,S,yes,-1.2363281,-1.9238281,0.6875,False
mistralai/Mixtral-8x7B-v0.1,"I decided to start saving for a rainy day, so I went to a savings and loan and deposited my umbrella.",I put a lot of money in the bank in case of emergency.,J,no,-1.0888672,-2.2753906,1.1865234000000002,True
mistralai/Mixtral-8x7B-v0.1,"I got a car for my wife, and I thought it was a good choice.",I thought my wife would like the car.,S,yes,-1.3564453,-1.8251953,0.46875,False
mistralai/Mixtral-8x7B-v0.1,"I got a car for my wife, and I thought it was a good trade.",I like the car more than my wife.,J,yes,-1.0498047,-2.5195312,1.4697265,True
mistralai/Mixtral-8x7B-v0.1,"I hope this train stops at Grand Central because if it doesn't, there will be a crash.",Grand Central is the end of the line.,J,yes,-1.34375,-1.84375,0.5,True
mistralai/Mixtral-8x7B-v0.1,"I hope this train stops at Grand Central because if it doesn't, there will be a delay.",I'm afraid I will fall behind schedule.,S,yes,-1.2910156,-1.8847656,0.59375,False
mistralai/Mixtral-8x7B-v0.1,I knew a streetwalker who was so exclusive she had an unlisted telephone booth.,She was easy to reach by phone.,J,no,-1.0253906,-2.5410156,1.5156250000000002,True
mistralai/Mixtral-8x7B-v0.1,I knew a streetwalker who was so exclusive she had an unlisted telephone line.,Her phone number was in the telephone book.,S,no,-1.1152344,-2.4433594,1.3281249999999998,False
mistralai/Mixtral-8x7B-v0.1,I know one couple who got divorced and had to leave the house to the attorney.,The divorce was expensive.,J,yes,-1.4492188,-1.7148438,0.265625,True
mistralai/Mixtral-8x7B-v0.1,I know one couple who got divorced and had to leave the house to the daughter.,The house stayed in the family.,S,yes,-1.5410156,-1.6347656,0.09375,False
mistralai/Mixtral-8x7B-v0.1,"I still miss my ex-wife, but I am improving my aim.",I am shooting at my ex-wife.,J,yes,-1.0400391,-2.8359375,1.7958984,True
mistralai/Mixtral-8x7B-v0.1,"I still miss my ex-wife, but I am improving my ego.",I'm starting to feel better about myself.,S,yes,-1.3242188,-2.0898438,0.7656250000000002,False
mistralai/Mixtral-8x7B-v0.1,I went to a place that serves breakfast any time and ordered French toast in the nighttime.,I had breakfast at night.,S,yes,-1.1132812,-2.2070312,1.0937499999999998,False
mistralai/Mixtral-8x7B-v0.1,I went to a place that serves breakfast any time and ordered French toast in the Renaissance.,I wanted to eat an unusual breakfast.,J,yes,-1.0214844,-2.1621094,1.1406249999999998,True
mistralai/Mixtral-8x7B-v0.1,"I've got Parkinson's disease, and he's got gout.",We have the same disease.,S,no,-1.2363281,-1.8300781,0.59375,False
mistralai/Mixtral-8x7B-v0.1,"I've got Parkinson's disease, and he's got mine.",At least one of us is in good health.,J,no,-1.0546875,-2.2890625,1.234375,True
mistralai/Mixtral-8x7B-v0.1,"If there's one thing that counts in business, it's bookkeepers.",Bookkeepers keep track of things.,J,yes,-1.4169922,-2.0429688,0.6259766000000002,True
mistralai/Mixtral-8x7B-v0.1,"If there's one thing that counts in business, it's resources.",It's hard to succeed if you start with nothing.,S,yes,-1.5791016,-1.8759766,0.296875,False
mistralai/Mixtral-8x7B-v0.1,"If you're filthy rich, sending your kids to college is a wonderful cleaner.",Colleges are very expensive.,J,yes,-1.4121094,-2.0371094,0.6249999999999998,True
mistralai/Mixtral-8x7B-v0.1,"If you're filthy rich, sending your kids to college is a wonderful luxury.",It's good to be able to afford to send your children to the university.,S,yes,-1.5263672,-1.8857422,0.359375,False
mistralai/Mixtral-8x7B-v0.1,In some marriages the bride is given away by the family.,It's always the father who gives the bride away.,S,no,-1.6416016,-1.5634766,-0.078125,False
mistralai/Mixtral-8x7B-v0.1,In some marriages the bride is given away by the press.,The newspapers reveal something about the bride's past.,J,yes,-1.2285156,-2.1035156,0.8750000000000002,True
mistralai/Mixtral-8x7B-v0.1,"In the game of golf, nothing counts as much as your drives.",The most important part of your golf game is your putting.,S,no,-1.7646484,-1.6552734,-0.109375,False
mistralai/Mixtral-8x7B-v0.1,"In the game of golf, nothing counts as much as your opponent.",The other guy always keeps track of your score.,J,yes,-1.3554688,-1.9492188,0.59375,True
mistralai/Mixtral-8x7B-v0.1,"In the U.S. the five cent piece is made of nickel, while pennies are mainly made of copper.",Both coins are made from the same metal.,E,no,-1.3974609,-1.3974609,0.0,False
mistralai/Mixtral-8x7B-v0.1,"It was so hot at Playboy, the centerfold took off her bikini.",She had been wearing a swimsuit.,S,yes,-1.1416016,-2.0644531,0.9228515000000002,False
mistralai/Mixtral-8x7B-v0.1,"It was so hot at Playboy, the centerfold took off her staple.",She wasn't wearing any clothes.,J,yes,-0.96728516,-2.2167969,1.24951174,True
mistralai/Mixtral-8x7B-v0.1,It was too hot to sleep in a bed so he strung up a mesh hammock.,He was going to sleep in the hammock.,E,yes,-1.4365234,-1.6083984,0.171875,False
mistralai/Mixtral-8x7B-v0.1,"It's always nicer to give than to receive, especially when it's your opinion.",People like giving advice more than taking it.,J,yes,-1.3056641,-2.3222656,1.0166015000000002,True
mistralai/Mixtral-8x7B-v0.1,"It's always nicer to give than to receive, especially when it's your parents.",Giving gifts can be fun.,S,yes,-1.2832031,-2.0957031,0.8125000000000002,False
mistralai/Mixtral-8x7B-v0.1,It's extraordinary what fine poker hand you get when you're playing bridge.,You always get the best hand just when you need it.,J,no,-1.3173828,-1.9267578,0.609375,True
mistralai/Mixtral-8x7B-v0.1,It's extraordinary what fine poker hand you get when you're playing stud.,You never get a decent hand in a poker game.,S,no,-1.3818359,-1.7568359,0.375,False
mistralai/Mixtral-8x7B-v0.1,It's hard to admit when one is wrong.,Most people don't mind being wrong.,E,no,-1.828125,-1.59375,-0.234375,False
mistralai/Mixtral-8x7B-v0.1,"It's hard to raise a family nowadays, especially in the country.",It's easy to raise children outside the city.,S,no,-1.4863281,-1.7207031,0.234375,False
mistralai/Mixtral-8x7B-v0.1,"It's hard to raise a family nowadays, especially in the morning.",The kids don't want to get up in the morning.,J,yes,-1.4267578,-1.7080078,0.28125,True
mistralai/Mixtral-8x7B-v0.1,It's not hard to meet expenses; they're affordable.,You should be able to pay all your bills.,S,yes,-1.4863281,-1.9863281,0.5,False
mistralai/Mixtral-8x7B-v0.1,It's not hard to meet expenses; they're everywhere.,It's easy to pay the bills.,J,no,-1.1289062,-2.4570312,1.3281249999999998,True
mistralai/Mixtral-8x7B-v0.1,Last Thanksgiving my wife spent all morning in the kitchen stuffing the bird.,She was preparing the turkey.,S,yes,-1.2929688,-1.8085938,0.515625,False
mistralai/Mixtral-8x7B-v0.1,Last Thanksgiving my wife spent all morning in the kitchen stuffing the kids.,The kids didn't get enough to eat.,J,no,-1.0673828,-2.0527344,0.9853515999999998,True
mistralai/Mixtral-8x7B-v0.1,"Love has its benefits, and they are usually called alimony.",Divorce can get you some money.,J,yes,-1.3417969,-2.1230469,0.7812499999999998,True
mistralai/Mixtral-8x7B-v0.1,"Love has its benefits, and they are usually called memories.",Being in love leads to good times together.,S,yes,-1.4560547,-2.0488281,0.5927734000000002,False
mistralai/Mixtral-8x7B-v0.1,Many a freshman helps the college of his choice by becoming a dropout.,"When a freshman fails, it always hurts the college.",J,no,-1.3759766,-1.9697266,0.59375,True
mistralai/Mixtral-8x7B-v0.1,Many a freshman helps the college of his choice by becoming a member.,Joining a college doesn't make any difference.,S,no,-1.6181641,-1.6962891,0.078125,False
mistralai/Mixtral-8x7B-v0.1,Many a man's idea of a vacation is to rest quietly in the shade of a blonde.,Men like to vacation alone.,J,no,-1.1347656,-2.5566406,1.4218750000000002,True
mistralai/Mixtral-8x7B-v0.1,Many a man's idea of a vacation is to rest quietly in the shade of a palm.,Many men like a relaxing vacation in the tropics.,S,yes,-1.7568359,-1.6005859,-0.15625,False
mistralai/Mixtral-8x7B-v0.1,"Many things run in families, especially noses.",People often catch colds from other family members.,J,yes,-1.2412109,-2.1308594,0.8896484999999998,True
mistralai/Mixtral-8x7B-v0.1,"Many things run in families, especially strength.",Muscle power comes only from exercise.,S,no,-1.5537109,-1.6005859,0.046875,False
mistralai/Mixtral-8x7B-v0.1,Modern science is amazing: garbage is now being made into gasoline.,Fuel can be made from trash.,S,yes,-1.4042969,-1.8417969,0.4375,False
mistralai/Mixtral-8x7B-v0.1,Modern science is amazing: garbage is now being made into movies.,There are a lot of really terrible movies nowadays.,J,yes,-1.1572266,-2.203125,1.0458984,True
mistralai/Mixtral-8x7B-v0.1,Most cats see very well at night.,Cats see well in the dark.,E,yes,-1.9824219,-1.3105469,-0.671875,False
mistralai/Mixtral-8x7B-v0.1,Most of the people running for office are not politicians; they're candidates.,You become a politician when you get elected.,S,yes,-1.4628906,-1.7753906,0.3125,False
mistralai/Mixtral-8x7B-v0.1,Most of the people running for office are not politicians; they're commuters.,These people are hurrying to get to work on time.,J,yes,-1.3681641,-2.0253906,0.6572265000000002,True
mistralai/Mixtral-8x7B-v0.1,Mrs Martin told the bad student to stand in the corner.,Mrs Martin was unhappy with the student's behavior.,E,yes,-1.5400391,-1.4931641,-0.046875,False
mistralai/Mixtral-8x7B-v0.1,My brother-in-law enjoys fixing things around the house so much he spent an hour last night just fixing our drinks.,My brother-in-law fixed our plumbing.,J,no,-1.1123047,-2.1914062,1.0791015,True
mistralai/Mixtral-8x7B-v0.1,My brother-in-law enjoys fixing things around the house so much he spent an hour last night just fixing our stove.,He's a real handyman.,S,yes,-1.4316406,-1.6191406,0.1875,False
mistralai/Mixtral-8x7B-v0.1,My church welcomes all denominations but prefers Mormons.,My church is strictly Catholic.,S,no,-1.1269531,-2.0019531,0.8750000000000002,False
mistralai/Mixtral-8x7B-v0.1,My church welcomes all denominations but prefers twenties.,My church wants money.,J,yes,-0.93115234,-2.5410156,1.60986326,True
mistralai/Mixtral-8x7B-v0.1,My doctor has never violated his oath: the oath he took years ago to become a millionaire.,My doctor charges a lot of money.,J,yes,-1.1289062,-2.4414062,1.3124999999999998,True
mistralai/Mixtral-8x7B-v0.1,My doctor has never violated his oath: the oath he took years ago to become a practitioner.,My doctor is very honorable.,S,yes,-1.7382812,-1.5820312,-0.15625,False
mistralai/Mixtral-8x7B-v0.1,My husband took the money we were saving to buy a new car and blew it all at the laundry.,We had saved a lot of money.,J,no,-1.2802734,-2.0136719,0.7333984999999998,True
mistralai/Mixtral-8x7B-v0.1,My husband took the money we were saving to buy a new car and blew it all at the tables.,He gambled away our savings.,S,yes,-1.4355469,-1.8105469,0.375,False
mistralai/Mixtral-8x7B-v0.1,"My mechanic couldn't fix my brakes, so he fixed my clutch.",My clutch was also broken.,S,yes,-1.1367188,-2.0585938,0.9218750000000002,False
mistralai/Mixtral-8x7B-v0.1,"My mechanic couldn't fix my brakes, so he fixed my horn.","He figures if I can't stop, I'll have to honk at people.",J,yes,-1.0820312,-2.5820312,1.4999999999999998,True
mistralai/Mixtral-8x7B-v0.1,My wife did natural childbirth: no anesthetic.,She took drugs for the pain.,S,no,-1.2529297,-1.9404297,0.6875,False
mistralai/Mixtral-8x7B-v0.1,My wife did natural childbirth: no makeup.,My wife didn't wear makeup when she had her baby.,J,yes,-1.1806641,-2.1347656,0.9541015000000002,True
mistralai/Mixtral-8x7B-v0.1,"Nature has three ways of thinning the herd: drought, famine, and hunting.",Predatory hunting reduces the number of prey.,S,yes,-1.5341797,-1.6123047,0.078125,False
mistralai/Mixtral-8x7B-v0.1,"Nature has three ways of thinning the herd: drought, famine, and primaries.",Politics is a lot like nature.,J,yes,-1.3486328,-1.9423828,0.59375,True
mistralai/Mixtral-8x7B-v0.1,No patient should leave the hospital until he's strong enough to face the cashier.,Hospital bills are quite expensive.,J,yes,-1.0869141,-2.1347656,1.0478515000000002,True
mistralai/Mixtral-8x7B-v0.1,No patient should leave the hospital until he's strong enough to face the outside.,Patients should be released as soon as possible.,S,no,-1.5146484,-1.4521484,-0.0625,False
mistralai/Mixtral-8x7B-v0.1,None of his books made any sense.,His books were hard to understand.,E,yes,-1.5332031,-1.7519531,0.21875,False
mistralai/Mixtral-8x7B-v0.1,Nothing ages a woman faster than hardships.,A difficult life can make you look old.,S,yes,-1.5361328,-1.8017578,0.265625,False
mistralai/Mixtral-8x7B-v0.1,Nothing ages a woman faster than identification.,Many women lie about their age.,J,yes,-1.4648438,-1.9960938,0.53125,True
mistralai/Mixtral-8x7B-v0.1,Nothing in the known universe travels faster than gossip.,Rumors get around quickly.,J,yes,-1.3662109,-2.1933594,0.8271484999999998,True
mistralai/Mixtral-8x7B-v0.1,Nothing in the known universe travels faster than radiation.,Radiation travels at great speed.,S,yes,-1.5048828,-1.7705078,0.265625,False
mistralai/Mixtral-8x7B-v0.1,Nothing you put in a banana split is as potentially fattening as the spoon.,Eating banana splits can make you fat.,J,yes,-1.328125,-2.15625,0.828125,True
mistralai/Mixtral-8x7B-v0.1,Nothing you put in a banana split is as potentially fattening as the syrup.,Syrup has very few calories.,S,no,-1.4140625,-2.0078125,0.59375,False
mistralai/Mixtral-8x7B-v0.1,"Now that the Hollywood couple has ironed out the divorce settlement, they can finally go ahead with their careers.",The divorce hadn't affected their work.,S,no,-1.4082031,-1.7519531,0.34375,False
mistralai/Mixtral-8x7B-v0.1,"Now that the Hollywood couple has ironed out the divorce settlement, they can finally go ahead with their nuptials.",They are already married.,J,no,-1.2841797,-1.7841797,0.5,True
mistralai/Mixtral-8x7B-v0.1,"Once a week they hold a bingo game, and all the proceeds go to fight disease.",They are raising money to build a new church.,S,no,-1.6171875,-1.6640625,0.046875,False
mistralai/Mixtral-8x7B-v0.1,"Once a week they hold a bingo game, and all the proceeds go to fight gambling.",They are raising money to help orphans.,J,no,-1.1386719,-2.2949219,1.1562499999999998,True
mistralai/Mixtral-8x7B-v0.1,One good turn gets most of the blanket.,"If you do nice things, people will give you blankets.",J,no,-1.078125,-2.1875,1.109375,True
mistralai/Mixtral-8x7B-v0.1,One good turn gets most of the profit.,Doing something good can earn you money.,S,yes,-1.4267578,-2.1464844,0.7197265999999998,False
mistralai/Mixtral-8x7B-v0.1,One good way to invest in the country is to buy a business.,Buying a business is bad for the economy.,S,no,-1.7558594,-1.4746094,-0.28125,False
mistralai/Mixtral-8x7B-v0.1,One good way to invest in the country is to buy a senator.,Politicians will do favors for money.,J,yes,-1.2753906,-1.9628906,0.6875,True
mistralai/Mixtral-8x7B-v0.1,One person who sure makes a long story short is my aunt.,My aunt talks a lot.,S,no,-1.2304688,-1.8398438,0.609375,False
mistralai/Mixtral-8x7B-v0.1,One person who sure makes a long story short is my editor.,My editor cuts out parts of my stories.,J,yes,-1.3613281,-2.1582031,0.7968750000000002,True
mistralai/Mixtral-8x7B-v0.1,One thing that makes the world go round is detours.,Detours make people go around.,J,yes,-1.6025391,-1.8212891,0.21875,True
mistralai/Mixtral-8x7B-v0.1,One thing that makes the world go round is greed.,Most people don't care about money.,S,no,-1.8134766,-1.7353516,-0.078125,False
mistralai/Mixtral-8x7B-v0.1,One way to keep pornography away from teenagers is to put it in a cabinet.,Adult magazines should be put where adolescents won't get into them.,S,yes,-1.203125,-1.859375,0.65625,False
mistralai/Mixtral-8x7B-v0.1,One way to keep pornography away from teenagers is to put it in a textbook.,Teenagers read their textbooks often.,J,no,-1.3222656,-1.9941406,0.671875,True
mistralai/Mixtral-8x7B-v0.1,Our new green car blocked the narrow driveway.,The car was parked in the garage.,E,no,-1.8525391,-1.4462891,-0.40625,False
mistralai/Mixtral-8x7B-v0.1,Our son brought home a note from school saying they need a written excuse for his presence.,The son does very well in school.,J,no,-1.2978516,-1.8447266,0.546875,True
mistralai/Mixtral-8x7B-v0.1,Our son brought home a note from school saying they need a written excuse for his tardiness.,He had been late for school.,S,yes,-1.2978516,-1.8134766,0.515625,False
mistralai/Mixtral-8x7B-v0.1,"Parents support clubs for teenagers, especially when they lack other forms of diversion.",Parents want their teenagers to have appropriate forms of entertainment.,S,yes,-1.9560547,-1.3466797,-0.609375,False
mistralai/Mixtral-8x7B-v0.1,"Parents support clubs for teenagers, especially when they lack other forms of punishment.",Teenagers may need physical punishment.,J,yes,-1.4199219,-1.7480469,0.328125,True
mistralai/Mixtral-8x7B-v0.1,Paul heard a loud grinding noise when someone put a tin can right down the garbage disposal.,Paul broke the garbage disposal.,E,no,-1.4414062,-1.3945312,-0.046875,False
mistralai/Mixtral-8x7B-v0.1,Politicians who are as American as apple pie still want their rewards.,Patriotic politicians don't care about personal glory.,S,no,-1.4462891,-1.7744141,0.328125,False
mistralai/Mixtral-8x7B-v0.1,Politicians who are as American as apple pie still want their slice.,Politicians are happy to do something for nothing.,J,no,-1.4404297,-1.7998047,0.359375,True
mistralai/Mixtral-8x7B-v0.1,Save the whales; start a coalition.,"To save an endangered species, it's best to act alone.",S,no,-1.4013672,-1.8857422,0.484375,False
mistralai/Mixtral-8x7B-v0.1,Save the whales; start a collection.,It's important to protect endangered species in the wild.,J,no,-1.1787109,-2.3203125,1.1416016,True
mistralai/Mixtral-8x7B-v0.1,She always told girls not to look for a husband but just to date bachelors.,It's better to date a married man.,J,no,-1.4882812,-1.8789062,0.390625,True
mistralai/Mixtral-8x7B-v0.1,She always told girls not to look for a husband but just to date someone.,She thinks you should wait for the perfect man.,S,no,-1.5673828,-1.7705078,0.203125,False
mistralai/Mixtral-8x7B-v0.1,"She asked what state he was born in, and he said in the East.",He was a native Californian.,S,no,-1.3164062,-1.7539062,0.4375,False
mistralai/Mixtral-8x7B-v0.1,"She asked what state he was born in, and he said in the nude.",He said he was born in the North.,J,no,-1.0849609,-1.8662109,0.78125,True
mistralai/Mixtral-8x7B-v0.1,She bought her father a tasteful tie for his birthday.,She was giving her father a Christmas gift.,E,no,-1.5664062,-1.6132812,0.046875,False
mistralai/Mixtral-8x7B-v0.1,She called her husband at his office.,Her husband worked at home.,E,no,-1.8154297,-1.3310547,-0.484375,False
mistralai/Mixtral-8x7B-v0.1,"She is so modest, she pulls down the shade to change her jacket.",She doesn't want people to see her change clothes.,S,yes,-1.40625,-1.8125,0.40625,False
mistralai/Mixtral-8x7B-v0.1,"She is so modest, she pulls down the shade to change her mind.",She likes to show off in front of others.,J,no,-1.2509766,-2.0488281,0.7978515000000002,True
mistralai/Mixtral-8x7B-v0.1,She puts something behind her ears to attract men; lately she's been using her ankles.,She's very prudish.,J,no,-1.0048828,-2.5507812,1.5458983999999998,True
mistralai/Mixtral-8x7B-v0.1,She puts something behind her ears to attract men; lately she's been using her vanilla.,She wears vanilla as a perfume.,S,yes,-1.0800781,-2.1582031,1.0781250000000002,False
mistralai/Mixtral-8x7B-v0.1,She read so much about the bad effects of cigarettes she decided to give up the habit.,She was going to quit smoking.,S,yes,-1.3183594,-1.8027344,0.484375,False
mistralai/Mixtral-8x7B-v0.1,She read so much about the bad effects of cigarettes she decided to give up the reading.,She planned to quit smoking.,J,no,-1.0625,-2.265625,1.203125,True
mistralai/Mixtral-8x7B-v0.1,She tied up her hair with a yellow ribbon.,She had very short hair.,E,no,-1.9550781,-1.1582031,-0.796875,False
mistralai/Mixtral-8x7B-v0.1,"She told him he looked like a million, and she meant every century.",She thought he looked quite young and handsome.,J,no,-1.2558594,-2.2558594,0.9999999999999998,True
mistralai/Mixtral-8x7B-v0.1,"She told him he looked like a million, and she meant every syllable.",She thought he looked good.,S,yes,-1.3085938,-1.6523438,0.34375,False
mistralai/Mixtral-8x7B-v0.1,She used a needle and a tweezers to pull out the splinter.,She needed a scalpel to remove the splinter.,E,no,-1.7412109,-1.3505859,-0.390625,False
mistralai/Mixtral-8x7B-v0.1,She was suddenly called back to New York and had to take a cab to the airport.,She was going to take a train.,E,no,-1.7949219,-1.3886719,-0.40625,False
mistralai/Mixtral-8x7B-v0.1,"She went on a fourteen day diet, but she only lost two ounces.",She didn't lose much weight.,S,yes,-1.2587891,-2.2597656,1.0009765000000002,False
mistralai/Mixtral-8x7B-v0.1,"She went on a fourteen day diet, but she only lost two weeks.",She didn't lose any weight.,J,yes,-1.0693359,-2.3652344,1.2958984999999998,True
mistralai/Mixtral-8x7B-v0.1,She's happy because she finally has a boyfriend who gets along with her father.,Her father really liked her previous boyfriends.,S,no,-1.4726562,-1.6757812,0.203125,False
mistralai/Mixtral-8x7B-v0.1,She's happy because she finally has a boyfriend who gets along with her fiance.,She is dating more than one man.,J,yes,-1.3867188,-1.6992188,0.3125,True
mistralai/Mixtral-8x7B-v0.1,"Some babies are born to rule, while others are male.",Males are born rulers.,J,no,-1.1035156,-2.2597656,1.1562500000000002,True
mistralai/Mixtral-8x7B-v0.1,"Some babies are born to rule, while others are weak.",Power starts at an early age.,S,yes,-1.4707031,-1.7207031,0.25,False
mistralai/Mixtral-8x7B-v0.1,"Some husbands are good providers, but only if you count children.",Some men don't take care of their families.,J,yes,-1.0429688,-2.5429688,1.5000000000000002,True
mistralai/Mixtral-8x7B-v0.1,"Some husbands are good providers, but only if you count salary.",Some men give their families nothing but money.,S,yes,-1.2871094,-2.5214844,1.2343749999999998,False
mistralai/Mixtral-8x7B-v0.1,Some people think courtship is the first in a series of steps leading to divorce.,One of those steps is marriage.,J,yes,-1.5625,-1.65625,0.09375,True
mistralai/Mixtral-8x7B-v0.1,Some people think courtship is the first in a series of steps leading to romance.,Some people still believe in romantic courtship.,S,yes,-1.7412109,-1.4130859,-0.328125,False
mistralai/Mixtral-8x7B-v0.1,Some people's only culture is bacteria.,Everybody can appreciate the fine arts.,J,no,-1.1181641,-2.2578125,1.1396484,True
mistralai/Mixtral-8x7B-v0.1,Some people's only culture is radio.,Everyone watches television.,S,no,-1.2158203,-2.2304688,1.0146485,False
mistralai/Mixtral-8x7B-v0.1,"Statistics indicate that Americans spend eighty million a year on games of chance, mostly blackjack.",Americans like to gamble on card games.,S,yes,-1.6005859,-1.6162109,0.015625,False
mistralai/Mixtral-8x7B-v0.1,"Statistics indicate that Americans spend eighty million a year on games of chance, mostly weddings.",Getting married is a risky thing to do.,J,yes,-1.1914062,-2.2070312,1.0156249999999998,True
mistralai/Mixtral-8x7B-v0.1,Sunday is the day we bow our heads and putt.,We go to church on Sunday.,J,no,-1.1865234,-2.171875,0.9853516,True
mistralai/Mixtral-8x7B-v0.1,Sunday is the day we bow our heads and rest.,We work hard on Sunday.,S,no,-1.6708984,-1.6708984,0.0,False
mistralai/Mixtral-8x7B-v0.1,The accident injured his spinal cord and his legs are paralyzed.,He can move his legs.,E,no,-2.0664062,-1.1455078,-0.9208983999999998,False
mistralai/Mixtral-8x7B-v0.1,The art museum just acquired an early Rembrandt; it's done in charcoal.,This early work is an oil painting.,S,no,-1.0878906,-2.0722656,0.9843750000000002,False
mistralai/Mixtral-8x7B-v0.1,The art museum just acquired an early Rembrandt; it's done in Crayola.,Rembrandt was a child when he completed the work.,J,yes,-1.0585938,-2.3867188,1.3281250000000002,True
mistralai/Mixtral-8x7B-v0.1,The baby cried and upset her mother.,The mother was very calm.,E,no,-1.9628906,-1.2910156,-0.671875,False
mistralai/Mixtral-8x7B-v0.1,The bartender dropped two olives into the strong martini.,The bartender was preparing a drink.,E,yes,-1.6289062,-1.4882812,-0.140625,False
mistralai/Mixtral-8x7B-v0.1,The best bargain I ever got was when I went to a family garage sale and bought a grandma.,I bought a car at the garage sale.,J,no,-1.0732422,-2.0898438,1.0166016000000002,True
mistralai/Mixtral-8x7B-v0.1,The best bargain I ever got was when I went to a family garage sale and bought a toaster.,I got a really good deal on a blender.,S,no,-1.3447266,-1.8134766,0.46875,False
mistralai/Mixtral-8x7B-v0.1,The best gift for the man who has everything is neckties.,A necktie always makes a good gift for a man.,S,yes,-1.3183594,-2.0371094,0.7187499999999998,False
mistralai/Mixtral-8x7B-v0.1,The best gift for the man who has everything is penicillin.,This man has lots of diseases.,J,yes,-1.1171875,-1.9921875,0.875,True
mistralai/Mixtral-8x7B-v0.1,The best way to keep the milk from turning sour is to keep it in the cold.,Milk turns sour faster when it's warm.,S,yes,-1.5224609,-1.4287109,-0.09375,False
mistralai/Mixtral-8x7B-v0.1,The best way to keep the milk from turning sour is to keep it in the cow.,Milk stays fresh for a long time.,J,no,-1.0507812,-2.0507812,0.9999999999999998,True
mistralai/Mixtral-8x7B-v0.1,The best way to remove coffee stains from a white blouse is with detergent.,Coffee stains are impossible to wash out.,S,no,-1.7714844,-1.2089844,-0.5625,False
mistralai/Mixtral-8x7B-v0.1,The best way to remove coffee stains from a white blouse is with scissors.,Coffee stains are easy to wash out.,J,no,-1.2041016,-1.5791016,0.375,True
mistralai/Mixtral-8x7B-v0.1,The best way to stop an elephant from charging is to cut off its credit.,Elephants should pay in cash.,J,yes,-1.2080078,-1.9892578,0.78125,True
mistralai/Mixtral-8x7B-v0.1,The best way to stop an elephant from charging is to cut off its toes.,Elephants can run quickly even without toes.,S,no,-1.1445312,-1.9257812,0.78125,False
mistralai/Mixtral-8x7B-v0.1,The bill was due at the end of the month.,He had to pay by the thirty-first.,E,yes,-2.3320312,-1.2226562,-1.1093749999999998,False
mistralai/Mixtral-8x7B-v0.1,The book that tells you where you can go on vacation is called a checkbook.,Where you go on vacation depends on how much you can afford.,J,yes,-1.1787109,-1.8505859,0.671875,True
mistralai/Mixtral-8x7B-v0.1,The book that tells you where you can go on vacation is called a guidebook.,Guidebooks aren't very useful for planning a trip.,S,no,-1.8935547,-1.3623047,-0.53125,False
mistralai/Mixtral-8x7B-v0.1,The children held their hands and formed a circle.,The children were watching television.,E,no,-2.1308594,-1.2080078,-0.9228515999999998,False
mistralai/Mixtral-8x7B-v0.1,The choir sang hymns while the people listened.,The people joined in the singing.,E,no,-1.8398438,-1.3242188,-0.515625,False
mistralai/Mixtral-8x7B-v0.1,"The convict told his cellmate how he'd blown all the money he stole on wine, women, and crack.",The convict had been a drug user.,S,yes,-1.171875,-1.703125,0.53125,False
mistralai/Mixtral-8x7B-v0.1,"The convict told his cellmate how he'd blown all the money he stole on wine, women, and lawyers.",Lawyers are expensive.,J,yes,-1.1513672,-1.8232422,0.671875,True
mistralai/Mixtral-8x7B-v0.1,"The cops claimed that the prisoner just decided to come clean, but most people think he was forced into the admission.",The prisoner may have been forced into confessing.,S,yes,-1.9296875,-1.3671875,-0.5625,False
mistralai/Mixtral-8x7B-v0.1,"The cops claimed that the prisoner just decided to come clean, but most people think he was forced into the bathtub.",The prisoner had been dirty and needed to be washed.,J,yes,-1.1953125,-1.8203125,0.625,True
mistralai/Mixtral-8x7B-v0.1,The curse of heavy drinking is that afterwards you get a huge bartab.,Drinking a lot can be expensive.,J,yes,-1.0927734,-2.8125,1.7197266,True
mistralai/Mixtral-8x7B-v0.1,The curse of heavy drinking is that afterwards you get a huge headache.,Drinking alcohol can lead to a hangover.,S,yes,-1.4238281,-1.8769531,0.453125,False
mistralai/Mixtral-8x7B-v0.1,The difference between a dog and a fox is about five beers.,Drinking makes women appear more attractive.,J,yes,-1.2314453,-2.3554688,1.1240235,True
mistralai/Mixtral-8x7B-v0.1,The difference between a dog and a fox is about five degrees.,Dogs and foxes have the same body temperature.,S,no,-1.3232422,-1.8388672,0.515625,False
mistralai/Mixtral-8x7B-v0.1,The difference between a good speaker and a bad one is often a nice diction.,It's important to speak clearly.,S,yes,-1.6083984,-1.7958984,0.1875,False
mistralai/Mixtral-8x7B-v0.1,The difference between a good speaker and a bad one is often a nice nap.,Bad speakers can put you to sleep.,J,yes,-1.4375,-2.25,0.8125,True
mistralai/Mixtral-8x7B-v0.1,The doctor said he could have a stroke because his arteries were getting narrow and clogged.,He was in excellent health.,E,no,-1.6328125,-1.4921875,-0.140625,False
mistralai/Mixtral-8x7B-v0.1,The doctor told her not to scratch no matter how much it itched.,She had a heart condition.,E,no,-1.2490234,-1.8896484,0.640625,False
mistralai/Mixtral-8x7B-v0.1,The farmer put a new engine in his old tractor.,The farmer wanted to keep the tractor.,E,yes,-1.5136719,-1.5449219,0.03125,False
mistralai/Mixtral-8x7B-v0.1,The first thing he does every morning is sit in the lotus position and meditate.,He starts every day with coffee and the morning news.,E,no,-1.6992188,-1.5429688,-0.15625,False
mistralai/Mixtral-8x7B-v0.1,The first two hundred story building opened in Chicago; it was a hotel.,Chicago has a skyscraper that's a hotel.,S,yes,-1.6376953,-1.3408203,-0.296875,False
mistralai/Mixtral-8x7B-v0.1,The first two hundred story building opened in Chicago; it was a library.,This building had lots of books.,J,yes,-1.3496094,-1.5527344,0.203125,True
mistralai/Mixtral-8x7B-v0.1,The garment bag kept his suit from getting wrinkled.,His suit needed to be ironed.,E,no,-1.7197266,-1.3603516,-0.359375,False
mistralai/Mixtral-8x7B-v0.1,The husband who catches his wife in the act is probably on the snoop.,An unfaithful wife can get in trouble if her husband is on the lookout.,S,yes,-1.2177734,-2.0292969,0.8115234999999998,False
mistralai/Mixtral-8x7B-v0.1,The husband who catches his wife in the act is probably on the trapeze.,His wife is cheating on him.,J,no,-1.1044922,-2.1972656,1.0927734000000002,True
mistralai/Mixtral-8x7B-v0.1,The last time a guy in a mask took all my money I was in shock.,I had been mugged.,S,yes,-1.2324219,-1.9824219,0.75,False
mistralai/Mixtral-8x7B-v0.1,The last time a guy in a mask took all my money I was in surgery.,I had been mugged.,J,no,-1.0507812,-2.3632812,1.3124999999999998,True
mistralai/Mixtral-8x7B-v0.1,The lawyer feared that his client was guilty.,The lawyer was a prosecutor.,E,no,-1.7558594,-1.5214844,-0.234375,False
mistralai/Mixtral-8x7B-v0.1,The luggage handler seemed to take great delight in tossing the boxes marked fragile.,The luggage handler was very careful.,E,no,-1.2138672,-1.8701172,0.65625,False
mistralai/Mixtral-8x7B-v0.1,The mole lived in a hole in the ground.,The mole was kept in the house as a pet.,E,no,-1.5585938,-1.3710938,-0.1875,False
mistralai/Mixtral-8x7B-v0.1,The most popular instrument in a Scottish marching band is the bagpipe.,"In Scottish marching bands, people like bagpipes more than drums.",E,yes,-1.1308594,-1.7402344,0.609375,False
mistralai/Mixtral-8x7B-v0.1,The most prevalent form of legalized gambling is betting.,Betting is not very common.,S,no,-1.6875,-1.5,-0.1875,False
mistralai/Mixtral-8x7B-v0.1,The most prevalent form of legalized gambling is elections.,People are gambling when they vote for someone.,J,yes,-1.3798828,-1.9423828,0.5625,True
mistralai/Mixtral-8x7B-v0.1,The movers put the sofa on the bare floor.,The house was fully carpeted.,E,no,-1.484375,-1.59375,0.109375,False
mistralai/Mixtral-8x7B-v0.1,"The new tax forms are more realistic-- where your wife signs, it says: accomplice.",Your wife doesn't need to sign your tax form.,J,no,-1.2041016,-2.375,1.1708984,True
mistralai/Mixtral-8x7B-v0.1,"The new tax forms are more realistic-- where your wife signs, it says: partner.",Tax forms are very old-fashioned.,S,no,-1.3066406,-2.2441406,0.9375000000000002,False
mistralai/Mixtral-8x7B-v0.1,The newspaper photo was so murky he couldn't figure out who it was until he read the caption.,He could see the person in the photo clearly.,E,no,-1.3710938,-1.6992188,0.328125,False
mistralai/Mixtral-8x7B-v0.1,The nurse gave him detailed instructions about how to clean the wound and put on a fresh bandage.,He had been injured.,E,yes,-2.3554688,-1.0439453,-1.3115235,False
mistralai/Mixtral-8x7B-v0.1,The old wealthy family lived in a twelve bedroom mansion.,They lived in a small home.,E,no,-1.6591797,-1.5185547,-0.140625,False
mistralai/Mixtral-8x7B-v0.1,The only crop that is grown in America and harvested abroad is the American tobacco.,Very few foreigners smoke American cigarettes.,S,no,-1.4169922,-1.9013672,0.484375,False
mistralai/Mixtral-8x7B-v0.1,The only crop that is grown in America and harvested abroad is the American tourist.,Tourists spend a lot of money in other countries.,J,yes,-1.3164062,-2.1914062,0.8749999999999998,True
mistralai/Mixtral-8x7B-v0.1,The only fishing through the ice that some men ever do is for the olive.,Some men fish; others just drink martinis.,J,yes,-1.2529297,-1.9560547,0.703125,True
mistralai/Mixtral-8x7B-v0.1,The only fishing through the ice that some men ever do is for the trout.,Some ice fishermen only want to catch trout.,S,yes,-1.3876953,-1.8095703,0.421875,False
mistralai/Mixtral-8x7B-v0.1,The only ones who want me for my body are losers.,Everybody finds me very attractive.,S,no,-1.5224609,-2.1015625,0.5791016,False
mistralai/Mixtral-8x7B-v0.1,The only ones who want me for my body are mosquitoes.,People find me very sexy.,J,no,-1.2226562,-2.3320312,1.1093749999999998,True
mistralai/Mixtral-8x7B-v0.1,The only person who sticks closer to you in adversity than a friend is a creditor.,People you owe money to don't hang around much.,J,no,-1.3095703,-2.1367188,0.8271485000000001,True
mistralai/Mixtral-8x7B-v0.1,The only person who sticks closer to you in adversity than a friend is a spouse.,You just can't depend on a husband or wife.,S,no,-1.7890625,-1.6171875,-0.171875,False
mistralai/Mixtral-8x7B-v0.1,The only place where you can find people who spend all their time minding their own business is the bank.,People at banks are very nosy.,S,no,-1.4628906,-1.9628906,0.5,False
mistralai/Mixtral-8x7B-v0.1,The only place where you can find people who spend all their time minding their own business is the cemetery.,Everybody is nosy to some extent.,J,yes,-1.2226562,-2.1289062,0.9062499999999998,True
mistralai/Mixtral-8x7B-v0.1,The only thing money can't buy is generosity.,Just because you have money doesn't mean you'll share it.,S,yes,-1.4287109,-2.1484375,0.7197266,False
mistralai/Mixtral-8x7B-v0.1,The only thing money can't buy is poverty.,Money can buy almost anything.,J,yes,-1.2958984,-2.265625,0.9697266,True
mistralai/Mixtral-8x7B-v0.1,The only time my father ever raised a hand to his children was in discipline.,My father didn't believe in corporal punishment.,S,no,-1.5859375,-1.4453125,-0.140625,False
mistralai/Mixtral-8x7B-v0.1,The only time my father ever raised a hand to his children was in self-defense.,My father beat his children a lot.,J,no,-1.4697266,-1.5322266,0.0625,True
mistralai/Mixtral-8x7B-v0.1,The paint turned out to be the wrong color.,They were putting up wallpaper.,E,no,-1.71875,-1.53125,-0.1875,False
mistralai/Mixtral-8x7B-v0.1,The painter used water-based paint for the interior of the house but enamel for the exterior.,He used the same paint both inside and outside the house.,E,no,-1.6015625,-1.3671875,-0.234375,False
mistralai/Mixtral-8x7B-v0.1,The penalty for dishonesty is the disgrace of dying rich.,Liars never win.,J,no,-1.3964844,-2.2089844,0.8124999999999998,True
mistralai/Mixtral-8x7B-v0.1,The penalty for dishonesty is the disgrace of dying unloved.,People who lie don't have many friends.,S,yes,-1.8066406,-1.5253906,-0.28125,False
mistralai/Mixtral-8x7B-v0.1,The perfect companion to a vegetarian dinner is a salad.,A vegetarian meal doesn't need a salad.,S,no,-1.3798828,-1.7392578,0.359375,False
mistralai/Mixtral-8x7B-v0.1,The perfect companion to a vegetarian dinner is a steak.,I don't believe in eating meat.,J,no,-1.1240234,-2.1230469,0.9990234999999998,True
mistralai/Mixtral-8x7B-v0.1,The policeman saw him throw the bottle out the window and gave him a ticket for littering.,He got a ticket for speeding.,E,no,-1.4814453,-1.4970703,0.015625,False
mistralai/Mixtral-8x7B-v0.1,The Republican candidate won the election by a landslide.,The election was very close.,E,no,-1.4179688,-1.6367188,0.21875,False
mistralai/Mixtral-8x7B-v0.1,The rodeo champion was quite proud of his big silver belt buckle.,The rodeo champion didn't wear a belt.,E,no,-1.5175781,-1.3613281,-0.15625,False
mistralai/Mixtral-8x7B-v0.1,The show had one act that was really offbeat: the clowns.,The clowns were really out of the ordinary.,S,yes,-1.1455078,-1.7392578,0.59375,False
mistralai/Mixtral-8x7B-v0.1,The show had one act that was really offbeat: the singer.,The singer had poor rhythm.,J,yes,-1.1953125,-1.6328125,0.4375,True
mistralai/Mixtral-8x7B-v0.1,The surgeon tried vainly to save his patient.,The patient died.,E,yes,-1.5429688,-1.6523438,0.109375,False
mistralai/Mixtral-8x7B-v0.1,The teacher wrote the problem on the board.,The teacher was going to explain the problem.,E,yes,-1.5693359,-1.4912109,-0.078125,False
mistralai/Mixtral-8x7B-v0.1,The terrorists planted a bomb in the airport and four people were killed in the explosion.,The bomb squad was able to defuse the bomb.,E,no,-1.9824219,-1.2167969,-0.765625,False
mistralai/Mixtral-8x7B-v0.1,The tourist bureau told the visitors there was plenty of hunting in this part of the country but very little finding.,Things are hard to find in this area.,J,yes,-1.2089844,-2.0214844,0.8124999999999998,True
mistralai/Mixtral-8x7B-v0.1,The tourist bureau told the visitors there was plenty of hunting in this part of the country but very little sightseeing.,There aren't many tourist sights in the area.,S,yes,-1.4169922,-1.7607422,0.34375,False
mistralai/Mixtral-8x7B-v0.1,The victim was rushed to the hospital in an ambulance.,The victim wasn't hurt in the accident.,E,no,-1.8935547,-1.3154297,-0.578125,False
mistralai/Mixtral-8x7B-v0.1,The visitor stared at the grandfather clock and seemed almost hypnotized by the swinging of the pendulum.,The visitor could see the clock.,E,yes,-1.7138672,-1.4169922,-0.296875,False
mistralai/Mixtral-8x7B-v0.1,The whole town came to hear their mayor speak.,The people wanted to hear what the mayor would say.,E,yes,-1.6318359,-1.4755859,-0.15625,False
mistralai/Mixtral-8x7B-v0.1,The wind was so strong it blew out three fuses.,The wind affected the electrical system.,J,yes,-1.5302734,-1.6396484,0.109375,True
mistralai/Mixtral-8x7B-v0.1,The wind was so strong it blew out three streetlights.,The storm didn't cause any damage.,S,no,-1.4521484,-1.5771484,0.125,False
mistralai/Mixtral-8x7B-v0.1,The woman in the grocery store was handing out free samples.,The samples cost ten cents each.,E,no,-1.5839844,-1.4121094,-0.171875,False
mistralai/Mixtral-8x7B-v0.1,The woman who has her husband eating out of her hand must save a lot of dishwashing.,The husband washes all the dishes.,J,no,-1.2802734,-1.9677734,0.6875,True
mistralai/Mixtral-8x7B-v0.1,The woman who has her husband eating out of her hand must save a lot of heartbreak.,She's happy because her husband does what she wants.,S,yes,-1.4414062,-1.8320312,0.390625,False
mistralai/Mixtral-8x7B-v0.1,There were over a hundred trees in the apple orchard.,It was an extremely small orchard.,E,no,-2.125,-1.15625,-0.96875,False
mistralai/Mixtral-8x7B-v0.1,They planned to dig a tunnel in order to escape.,They were being held prisoner.,E,yes,-1.4052734,-1.7490234,0.34375,False
mistralai/Mixtral-8x7B-v0.1,They redecorated the bar with new drunks.,The bar has all new furniture.,J,no,-1.1123047,-2.3007812,1.1884765,True
mistralai/Mixtral-8x7B-v0.1,They redecorated the bar with new wood.,The bar is all chrome and glass.,S,no,-1.4335938,-1.6992188,0.265625,False
mistralai/Mixtral-8x7B-v0.1,They went to Las Vegas and got married in one of those quickie wedding chapels.,They spent months planning a big wedding.,E,no,-1.3955078,-1.7705078,0.375,False
mistralai/Mixtral-8x7B-v0.1,This fall two things are turning yellow: trees and bushes.,The leaves are changing color.,S,yes,-1.4443359,-1.7880859,0.34375,False
mistralai/Mixtral-8x7B-v0.1,This fall two things are turning yellow: trees and investors.,Investors are becoming scared.,J,yes,-1.2822266,-2.3144531,1.0322265000000002,True
mistralai/Mixtral-8x7B-v0.1,"This house comes with a lot of extras, mostly termites.",The house is free of bugs.,J,no,-0.9941406,-2.4785156,1.484375,True
mistralai/Mixtral-8x7B-v0.1,"This house comes with a lot of extras, mostly upgrades.",The house would be a good purchase.,S,yes,-1.1464844,-2.0527344,0.9062499999999998,False
mistralai/Mixtral-8x7B-v0.1,"This new computer works so quickly, it comes complete with games.","If you use this computer, you'll have time left to play.",S,yes,-1.4492188,-1.9804688,0.53125,False
mistralai/Mixtral-8x7B-v0.1,"This new computer works so quickly, it comes complete with ulcers.",The computer feels no stress.,J,no,-1.3300781,-2.3144531,0.9843750000000002,True
mistralai/Mixtral-8x7B-v0.1,"Though most people think it's Rome, the world's most beloved capital is actually dollars.",People love money.,J,yes,-1.3759766,-1.9072266,0.53125,True
mistralai/Mixtral-8x7B-v0.1,"Though most people think it's Rome, the world's most beloved capital is actually Vienna.",Rome is more beloved than Vienna.,S,no,-1.5175781,-1.8144531,0.296875,False
mistralai/Mixtral-8x7B-v0.1,Three people were killed in a major highway accident.,The accident had not been fatal.,E,no,-2.2460938,-1.3867188,-0.8593750000000002,False
mistralai/Mixtral-8x7B-v0.1,Tim threw a rock and broke the window.,Tim was playing baseball.,E,no,-2.3847656,-1.0263672,-1.3583984000000002,False
mistralai/Mixtral-8x7B-v0.1,"To clothe one soldier, it takes the wool from two sheep and the hides from three animals.",Military uniforms are made from natural materials.,S,yes,-1.6191406,-1.5097656,-0.109375,False
mistralai/Mixtral-8x7B-v0.1,"To clothe one soldier, it takes the wool from two sheep and the hides from three taxpayers.",Military uniforms are expensive.,J,yes,-1.5107422,-1.8857422,0.375,True
mistralai/Mixtral-8x7B-v0.1,"To get something done, a committee should consist of no more than three people, two of whom are dead.",Groups are more efficient than individuals.,J,no,-1.3310547,-2.6582031,1.3271484000000002,True
mistralai/Mixtral-8x7B-v0.1,"To get something done, a committee should consist of no more than three people, two of whom are workers.",A committee works best with one leader.,S,yes,-1.3310547,-2.2832031,0.9521484000000002,False
mistralai/Mixtral-8x7B-v0.1,To keep the dogs out of the yard he put up a fence.,He was worried his pet would escape.,E,no,-1.625,-1.53125,-0.09375,False
mistralai/Mixtral-8x7B-v0.1,To pay for the car Al simply wrote a check.,Al paid with a credit card.,E,no,-1.4238281,-1.7050781,0.28125,False
mistralai/Mixtral-8x7B-v0.1,Too many girls believe that the chief foundation for true love is a large fortune.,A lot of women marry for money.,S,yes,-1.9404297,-1.5498047,-0.390625,False
mistralai/Mixtral-8x7B-v0.1,Too many girls believe that the chief foundation for true love is a large stone.,Some girls just want a big diamond ring.,J,yes,-1.5205078,-1.6455078,0.125,True
mistralai/Mixtral-8x7B-v0.1,Two things are essential for success: wealth and fame.,Having money without celebrity is still success.,S,no,-2.0722656,-1.6035156,-0.4687500000000002,False
mistralai/Mixtral-8x7B-v0.1,Two things are essential for success: wealth and money.,You don't need much cash to succeed in business.,J,no,-1.8232422,-1.7138672,-0.109375,True
mistralai/Mixtral-8x7B-v0.1,We finally got a decent picture on the TV after an hour of adjusting the antenna.,The TV had poor reception.,E,yes,-1.5449219,-1.7011719,0.15625,False
mistralai/Mixtral-8x7B-v0.1,We live in a lovely suburb; it's just two miles beyond our income.,We can't afford to live where we do.,J,yes,-1.1162109,-2.5234375,1.4072266,True
mistralai/Mixtral-8x7B-v0.1,We live in a lovely suburb; it's just two miles beyond our town.,The suburb is far from the city.,S,no,-1.5742188,-1.5273438,-0.046875,False
mistralai/Mixtral-8x7B-v0.1,"We used to have food on the table as soon as the customer was seated, but our new system requires more effort.",We have to work harder now.,S,yes,-1.3876953,-1.9658203,0.578125,False
mistralai/Mixtral-8x7B-v0.1,"We used to have food on the table as soon as the customer was seated, but our new system requires more plates.",Our service is faster now.,J,no,-1.2949219,-2.0917969,0.7968749999999998,True
mistralai/Mixtral-8x7B-v0.1,"When an irresistible force meets an immovable object, you get two very angry entities.","When one thing runs into another, both become unhappy.",S,yes,-1.2900391,-1.9619141,0.671875,False
mistralai/Mixtral-8x7B-v0.1,"When an irresistible force meets an immovable object, you get two very angry women.",Women can be stubborn.,J,yes,-1.2041016,-2.1875,0.9833984,True
mistralai/Mixtral-8x7B-v0.1,"When he stepped into the elevator, he knew Jennifer had just been there by the smell of her perfume.",Jennifer wore strong perfume.,E,yes,-1.75,-1.34375,-0.40625,False
mistralai/Mixtral-8x7B-v0.1,"When I asked how long I should cook the noodles, he said at least ten inches.",The noodles should be at least ten inches long.,J,yes,-1.1767578,-2.0058594,0.8291015999999998,True
mistralai/Mixtral-8x7B-v0.1,"When I asked how long I should cook the noodles, he said at least ten seconds.",They had already eaten.,S,no,-1.3027344,-1.7871094,0.484375,False
mistralai/Mixtral-8x7B-v0.1,"When I asked the bartender for something cold and full of rum, he recommended his daiquiri.",The bartender recommended a drink.,S,yes,-1.1572266,-2.0957031,0.9384765000000002,False
mistralai/Mixtral-8x7B-v0.1,"When I asked the bartender for something cold and full of rum, he recommended his wife.",The bartender was married.,J,yes,-0.984375,-2.484375,1.5,True
mistralai/Mixtral-8x7B-v0.1,"When I found out how much my wife spent on dresses last year, I dumped her and proposed to the dressmaker.",The dressmaker had a lot of my money.,J,yes,-1.1328125,-2.3515625,1.21875,True
mistralai/Mixtral-8x7B-v0.1,"When I found out how much my wife spent on dresses last year, I dumped her and proposed to the mistress.",I had been faithful to my wife.,S,no,-1.2421875,-2.1015625,0.859375,False
mistralai/Mixtral-8x7B-v0.1,"When it comes to keeping warm, nothing beats a thermal brunette.",A down parka is the best way to keep warm.,J,no,-1.1914062,-2.2070312,1.0156249999999998,True
mistralai/Mixtral-8x7B-v0.1,"When it comes to keeping warm, nothing beats a thermal parka.",A trenchcoat is the best way to keep warm.,S,no,-1.9912109,-1.2880859,-0.703125,False
mistralai/Mixtral-8x7B-v0.1,"When John bought a bulldog, it was no time at all before he had that dog eating out of his fingers.",He trained the dog well.,S,yes,-1.2958984,-1.6708984,0.375,False
mistralai/Mixtral-8x7B-v0.1,"When John bought a bulldog, it was no time at all before he had that dog eating out of his leg.",The dog was aggressive.,J,yes,-1.1162109,-1.8505859,0.734375,True
mistralai/Mixtral-8x7B-v0.1,"When reviewing your notes for a test, the most important ones will be capitalized.",Pay more attention to the things in small print.,S,no,-1.5410156,-1.4628906,-0.078125,False
mistralai/Mixtral-8x7B-v0.1,"When reviewing your notes for a test, the most important ones will be illegible.",Important notes are written clearly so they stand out.,J,no,-1.1386719,-2.7480469,1.6093749999999998,True
mistralai/Mixtral-8x7B-v0.1,"When the kid came into the store and asked for empty boxes, the owner gave him the crate.",The kid didn't get any boxes.,S,no,-1.2353516,-1.6416016,0.40625,False
mistralai/Mixtral-8x7B-v0.1,"When the kid came into the store and asked for empty boxes, the owner gave him the register.",The store had made a lot of money.,J,no,-1.0605469,-1.9199219,0.859375,True
mistralai/Mixtral-8x7B-v0.1,When they were in London they visited Buckingham Palace.,They made a trip to England.,E,yes,-2.2480469,-1.2001953,-1.0478515999999998,False
mistralai/Mixtral-8x7B-v0.1,"When we got divorced, my wife and I split the house; she got the inside.",I got the outside.,J,yes,-0.8823242,-2.6484375,1.7661133,True
mistralai/Mixtral-8x7B-v0.1,"When we got divorced, my wife and I split the house; she got the kitchen.",My wife gave me the kitchen items.,S,no,-0.9746094,-2.3808594,1.40625,False
mistralai/Mixtral-8x7B-v0.1,"When we watch a sexy movie, my wife leans over and breathes on my collar.",She wants to get me excited.,S,yes,-1.3115234,-1.9052734,0.59375,False
mistralai/Mixtral-8x7B-v0.1,"When we watch a sexy movie, my wife leans over and breathes on my glasses.",She wants me to see the movie.,J,no,-1.1455078,-2.1152344,0.9697265999999998,True
mistralai/Mixtral-8x7B-v0.1,"When you go to bed, turn off the lights.",The lights are on.,E,yes,-1.9326172,-1.2451172,-0.6875,False
mistralai/Mixtral-8x7B-v0.1,"When you own an ice cream business, your favorite flavor is aspirin.",Running an ice cream business can give you a headache.,J,yes,-1.1865234,-2.390625,1.2041016,True
mistralai/Mixtral-8x7B-v0.1,"When you own an ice cream business, your favorite flavor is everything.",You start to like all the flavors.,S,yes,-1.4316406,-1.9785156,0.546875,False
mistralai/Mixtral-8x7B-v0.1,"Where I'm from, the two most common elements are hydrogen and nitrogen.",Phosphorus is the most common element in my hometown.,S,no,-1.1123047,-2.1113281,0.9990234000000002,False
mistralai/Mixtral-8x7B-v0.1,"Where I'm from, the two most common elements are hydrogen and stupidity.",People in my hometown are very smart.,J,no,-1.046875,-2.625,1.578125,True
mistralai/Mixtral-8x7B-v0.1,"Women don't dress to please men; if they did, they'd dress a lot faster.",Women take a long time to get dressed.,J,yes,-1.3955078,-2.2070312,0.8115233999999998,True
mistralai/Mixtral-8x7B-v0.1,"Women don't dress to please men; if they did, they'd dress a lot scantier.",Men prefer women who wear a lot of clothes.,S,no,-1.3974609,-1.9755859,0.578125,False
mistralai/Mixtral-8x7B-v0.1,Women were not allowed to vote until when Congress passed the nineteenth amendment to the constitution.,Women in 1900 could not vote.,E,yes,-1.6416016,-1.3291016,-0.3125,False
mistralai/Mixtral-8x7B-v0.1,Yesterday they canoed down the river.,They spent yesterday outdoors.,E,yes,-1.7275391,-1.2900391,-0.4375,False
mistralai/Mixtral-8x7B-v0.1,You can keep your kids out of hot water with dishes.,Kids like to wash dishes.,J,no,-1.3242188,-1.8554688,0.53125,True
mistralai/Mixtral-8x7B-v0.1,You can keep your kids out of hot water with rules.,Clear boundaries help keep kids out of trouble.,S,yes,-1.5791016,-1.7666016,0.1875,False
mistralai/Mixtral-8x7B-v0.1,You could tell he had grown up in the South by his accent.,He talked like a Southerner.,E,yes,-1.3876953,-1.5595703,0.171875,False
