sentence,sentence_fragment,model,condition,n_tokens_sentence,n_tokens_word,prob,surprisal,final_word,n_params
A committee keeps minutes and takes hours.,A committee keeps minutes and takes,EleutherAI/pythia-70m,J,7,1,0.003271405352279544,8.25587375315597, hours,70426624
A committee keeps minutes and takes votes.,A committee keeps minutes and takes,EleutherAI/pythia-70m,S,7,1,5.174713078304194e-05,14.23816160254626, votes,70426624
A device for finding furniture in the dark is a candle.,A device for finding furniture in the dark is a,EleutherAI/pythia-70m,S,11,1,0.00019012585107702762,12.360757673522839, candle,70426624
A device for finding furniture in the dark is a shin.,A device for finding furniture in the dark is a,EleutherAI/pythia-70m,J,12,2,3.9802858964321786e-07,21.26062460365583, shin,70426624
A good source of vitamin A is orange vegetables like carrots.,A good source of vitamin A is orange vegetables like,EleutherAI/pythia-70m,E,11,1,0.01637072116136551,5.93273831310565, carrots,70426624
A good way to blow your mind is to smoke gunpowder.,A good way to blow your mind is to smoke,EleutherAI/pythia-70m,J,13,3,2.6755767521535745e-06,18.511718654340005, gunpowder,70426624
A good way to blow your mind is to smoke heroin.,A good way to blow your mind is to smoke,EleutherAI/pythia-70m,S,11,1,7.744368485873565e-05,13.65649287511784, heroin,70426624
A man who has lost ninety percent of his brain is called a widower.,A man who has lost ninety percent of his brain is called a,EleutherAI/pythia-70m,J,15,2,8.008116310520563e-06,16.93010564118016, widower,70426624
A man who has lost ninety percent of his brain is called a zombie.,A man who has lost ninety percent of his brain is called a,EleutherAI/pythia-70m,S,14,1,0.0022618898656219244,8.788255600334047, zombie,70426624
A problem drinker is one who never buys.,A problem drinker is one who never,EleutherAI/pythia-70m,J,9,1,0.0027973928954452276,8.481701389266691, buys,70426624
A problem drinker is one who never quits.,A problem drinker is one who never,EleutherAI/pythia-70m,S,10,2,9.573571333021391e-06,16.672511360046272, quits,70426624
A replacement player hit a home run with my ball.,A replacement player hit a home run with my,EleutherAI/pythia-70m,S,10,1,0.0005163741880096495,10.919295493081703, ball,70426624
A replacement player hit a home run with my girl.,A replacement player hit a home run with my,EleutherAI/pythia-70m,J,10,1,0.00038448694976978004,11.344777748389495, girl,70426624
A thoughtful wife has pork chops ready when her husband comes home from fishing.,A thoughtful wife has pork chops ready when her husband comes home from,EleutherAI/pythia-70m,J,15,1,0.0001313036773353815,12.894805058145556, fishing,70426624
A thoughtful wife has pork chops ready when her husband comes home from working.,A thoughtful wife has pork chops ready when her husband comes home from,EleutherAI/pythia-70m,S,15,1,0.00027963751927018166,11.804154437886163, working,70426624
A vacation is the shortest distance between two locations.,A vacation is the shortest distance between two,EleutherAI/pythia-70m,S,9,1,0.025117546319961548,5.315160652492678, locations,70426624
A vacation is the shortest distance between two paychecks.,A vacation is the shortest distance between two,EleutherAI/pythia-70m,J,10,2,4.247849361149747e-08,24.488692153450152, paychecks,70426624
"After Olga tore her red dress, she went to the store for a needle and a spool of red thread.","After Olga tore her red dress, she went to the store for a needle and a spool of red",EleutherAI/pythia-70m,E,23,1,0.0016660975525155663,9.229311409522776, thread,70426624
"All roads lead to Rome, and all detours lead to profanity.","All roads lead to Rome, and all detours lead to",EleutherAI/pythia-70m,J,14,2,4.924934842165385e-07,20.95339202664896, profanity,70426624
"All roads lead to Rome, and all detours lead to somewhere.","All roads lead to Rome, and all detours lead to",EleutherAI/pythia-70m,S,13,1,2.7559988666325808e-05,15.147065179683393, somewhere,70426624
All the plates were garnished with little sprigs of parsley.,All the plates were garnished with little sprigs of,EleutherAI/pythia-70m,E,12,1,0.04697626084089279,4.411924305734671, parsley,70426624
Another thing a small boy is constantly outgrowing is his allowance.,Another thing a small boy is constantly outgrowing is his,EleutherAI/pythia-70m,J,12,1,1.7573245713720098e-05,15.796259798023117, allowance,70426624
Another thing a small boy is constantly outgrowing is his underwear.,Another thing a small boy is constantly outgrowing is his,EleutherAI/pythia-70m,S,12,1,0.00012204208178445697,13.000333684929155, underwear,70426624
Another thing that has developed by leaps and bounds is the modern dance.,Another thing that has developed by leaps and bounds is the modern,EleutherAI/pythia-70m,J,14,1,0.00011137849651277065,13.132241656467086, dance,70426624
Another thing that has developed by leaps and bounds is the modern science.,Another thing that has developed by leaps and bounds is the modern,EleutherAI/pythia-70m,S,14,1,0.0006838602712377906,10.514010800907998, science,70426624
Arguments between couples are healthy; sometimes they even prevent breakups.,Arguments between couples are healthy; sometimes they even prevent,EleutherAI/pythia-70m,S,12,2,5.262502327241236e-07,20.85774769802801, breakups,70426624
Arguments between couples are healthy; sometimes they even prevent marriage.,Arguments between couples are healthy; sometimes they even prevent,EleutherAI/pythia-70m,J,11,1,0.0007230002665892243,10.43371620041333, marriage,70426624
Autobiography is an unrivaled vehicle for telling the truth about others.,Autobiography is an unrivaled vehicle for telling the truth about,EleutherAI/pythia-70m,J,15,1,0.00021208816906437278,12.203048234438713, others,70426624
Autobiography is an unrivaled vehicle for telling the truth about somebody.,Autobiography is an unrivaled vehicle for telling the truth about,EleutherAI/pythia-70m,S,15,1,6.313087942544371e-05,13.95129462617308, somebody,70426624
Autumn is a good time to buy some new clothes.,Autumn is a good time to buy some new,EleutherAI/pythia-70m,E,11,1,0.03064962476491928,5.027986778276413, clothes,70426624
"Because of his diabetes, he had to take daily shots of insulin.","Because of his diabetes, he had to take daily shots of",EleutherAI/pythia-70m,E,13,1,0.003630770370364189,8.105508595507926, insulin,70426624
"Before the outdoor concert, he packed a basket with wine and food for a picnic.","Before the outdoor concert, he packed a basket with wine and food for a",EleutherAI/pythia-70m,E,16,1,0.007599433418363333,7.039892423341105, picnic,70426624
Bill jumped in the lake and made a big splash.,Bill jumped in the lake and made a big,EleutherAI/pythia-70m,E,10,1,0.3511003851890564,1.510044515900148, splash,70426624
"By the time Mary had her fourteenth child, she'd run out of names to call her husband.","By the time Mary had her fourteenth child, she'd run out of names to call her",EleutherAI/pythia-70m,J,20,1,0.055780213326215744,4.1641027379455196, husband,70426624
"By the time Mary had her fourteenth child, she'd run out of names to call her offspring.","By the time Mary had her fourteenth child, she'd run out of names to call her",EleutherAI/pythia-70m,S,20,1,0.0001226309104822576,12.993389707382619, offspring,70426624
"Charged with statutory rape, he told the judge he didn't know she was a statue.","Charged with statutory rape, he told the judge he didn't know she was a",EleutherAI/pythia-70m,J,19,1,2.8437820219551213e-05,15.101829588908622, statue,70426624
"Charged with statutory rape, he told the judge he didn't know she was a teenager.","Charged with statutory rape, he told the judge he didn't know she was a",EleutherAI/pythia-70m,S,19,1,0.007455368526279926,7.067504616540257, teenager,70426624
Cocktail lounges are usually half lit to match the patrons.,Cocktail lounges are usually half lit to match the,EleutherAI/pythia-70m,J,14,1,2.833321923390031e-05,15.10714594370825, patrons,70426624
Cocktail lounges are usually half lit to match the setting.,Cocktail lounges are usually half lit to match the,EleutherAI/pythia-70m,S,14,1,0.0023521906696259975,8.73177927424351, setting,70426624
"Congress taxes our income, our property, and our patience.","Congress taxes our income, our property, and our",EleutherAI/pythia-70m,J,11,1,1.3770240002486389e-05,16.148086769910957, patience,70426624
"Congress taxes our income, our property, and our purchases.","Congress taxes our income, our property, and our",EleutherAI/pythia-70m,S,11,1,3.4783581213559955e-05,14.81123399857594, purchases,70426624
"Diamonds are produced by great pressure, usually provided by a girlfriend.","Diamonds are produced by great pressure, usually provided by a",EleutherAI/pythia-70m,J,14,1,6.667205525445752e-07,20.516414463424606, girlfriend,70426624
"Diamonds are produced by great pressure, usually provided by a piston.","Diamonds are produced by great pressure, usually provided by a",EleutherAI/pythia-70m,S,14,1,0.006405445747077465,7.28648531523144, piston,70426624
Dogs crack open bones so they can eat the marrow.,Dogs crack open bones so they can eat the,EleutherAI/pythia-70m,E,11,1,0.000525407784152776,10.89427480474327, marrow,70426624
"During the worst part of the drought, people were encouraged to not always flush the toilet.","During the worst part of the drought, people were encouraged to not always flush the",EleutherAI/pythia-70m,E,17,1,0.016457708552479744,5.925092710036133, toilet,70426624
Eva turned down the heat and left the sauce on the stove to simmer.,Eva turned down the heat and left the sauce on the stove to,EleutherAI/pythia-70m,E,15,1,0.06259921193122864,3.997711694758442, simmer,70426624
Every introductory sailing class includes learning how to save a man drowning.,Every introductory sailing class includes learning how to save a man,EleutherAI/pythia-70m,E,12,1,2.076751297863666e-05,15.555312018399695, drowning,70426624
"Every time I wear my spring coat in the rain, it damages the fabric.","Every time I wear my spring coat in the rain, it damages the",EleutherAI/pythia-70m,S,15,1,0.007465503644198179,7.065544692691137, fabric,70426624
"Every time I wear my spring coat in the rain, it damages the springs.","Every time I wear my spring coat in the rain, it damages the",EleutherAI/pythia-70m,J,15,1,0.0001507990382378921,12.695085152095713, springs,70426624
Everyone had so much fun diving from the tree into the swimming pool we decided to put in a little platform.,Everyone had so much fun diving from the tree into the swimming pool we decided to put in a little,EleutherAI/pythia-70m,S,21,1,2.6832874937099405e-05,15.18563883782968, platform,70426624
Everyone had so much fun diving from the tree into the swimming pool we decided to put in a little water.,Everyone had so much fun diving from the tree into the swimming pool we decided to put in a little,EleutherAI/pythia-70m,J,21,1,0.03377394750714302,4.887945378029371, water,70426624
"Except for not having a shell, slugs are a lot like snails.","Except for not having a shell, slugs are a lot like",EleutherAI/pythia-70m,E,15,2,0.0001245100429514423,12.9714502651124, snails,70426624
"Figures don't lie, except on the beaches.","Figures don't lie, except on the",EleutherAI/pythia-70m,J,9,1,0.0002075049706036225,12.234566484153467, beaches,70426624
"Figures don't lie, except on the page.","Figures don't lie, except on the",EleutherAI/pythia-70m,S,9,1,0.0016423458000645041,9.250026362470935, page,70426624
"For a great vacation, put the kids in the back seat, and take a cruise.","For a great vacation, put the kids in the back seat, and take a",EleutherAI/pythia-70m,J,17,1,0.0009302814723923802,10.070045085494986, cruise,70426624
"For a great vacation, put the kids in the back seat, and take a freeway.","For a great vacation, put the kids in the back seat, and take a",EleutherAI/pythia-70m,S,18,2,7.022530326139531e-07,20.44150571470299, freeway,70426624
"For his thirtieth birthday, all his friends gathered to celebrate.","For his thirtieth birthday, all his friends gathered to",EleutherAI/pythia-70m,E,14,1,0.07837990671396255,3.6733723338974205, celebrate,70426624
For lunch he had an apple and a peanut butter sandwich.,For lunch he had an apple and a peanut butter,EleutherAI/pythia-70m,E,11,1,0.411875456571579,1.279719935511589, sandwich,70426624
"Frequent naps prevent old age, especially when taken while driving.","Frequent naps prevent old age, especially when taken while",EleutherAI/pythia-70m,J,13,1,0.016605829820036888,5.912166371340058, driving,70426624
"Frequent naps prevent old age, especially when taken while relaxed.","Frequent naps prevent old age, especially when taken while",EleutherAI/pythia-70m,S,13,1,9.851311915554106e-05,13.309324610981323, relaxed,70426624
Good Friday commemorates the Last Supper that Jesus had with his twelve disciples.,Good Friday commemorates the Last Supper that Jesus had with his twelve,EleutherAI/pythia-70m,E,15,1,0.11814878135919571,3.0813233461182348, disciples,70426624
Hal wrote her a love letter.,Hal wrote her a love,EleutherAI/pythia-70m,E,6,1,0.08801957219839096,3.5060318299572817, letter,70426624
"He asked if I'd join him in a bowl of soup, but I told him we didn't have enough change.","He asked if I'd join him in a bowl of soup, but I told him we didn't have enough",EleutherAI/pythia-70m,S,23,1,8.761294884607196e-05,13.478496364251471, change,70426624
"He asked if I'd join him in a bowl of soup, but I told him we didn't have enough room.","He asked if I'd join him in a bowl of soup, but I told him we didn't have enough",EleutherAI/pythia-70m,J,23,1,0.052141815423965454,4.261415375647768, room,70426624
He drank so much that he eventually became a beverage.,He drank so much that he eventually became a,EleutherAI/pythia-70m,J,10,1,8.148881170200184e-05,13.583038481474398, beverage,70426624
He drank so much that he eventually became a lush.,He drank so much that he eventually became a,EleutherAI/pythia-70m,S,10,1,1.4876491150062066e-05,16.036606189748717, lush,70426624
He got a medal for bravery on the beach when he rescued a girl from a lifeguard.,He got a medal for bravery on the beach when he rescued a girl from a,EleutherAI/pythia-70m,J,21,4,2.8062075216439553e-05,15.121018772900156, lifeguard,70426624
He got a medal for bravery on the beach when he rescued a girl from a shipwreck.,He got a medal for bravery on the beach when he rescued a girl from a,EleutherAI/pythia-70m,S,20,3,0.0001139169471571222,13.099729990178632, shipwreck,70426624
He hung her coat in the closet.,He hung her coat in the,EleutherAI/pythia-70m,E,7,1,0.04549324885010719,4.458203722993646, closet,70426624
He is at the age when all the numbers in his little black book belong to doctors.,He is at the age when all the numbers in his little black book belong to,EleutherAI/pythia-70m,J,17,1,1.2117164260416757e-05,16.332588365239047, doctors,70426624
He is at the age when all the numbers in his little black book belong to friends.,He is at the age when all the numbers in his little black book belong to,EleutherAI/pythia-70m,S,17,1,6.54887844575569e-05,13.898392621113771, friends,70426624
"He is probably the best boxer in the country, but he always loses in the city.","He is probably the best boxer in the country, but he always loses in the",EleutherAI/pythia-70m,J,18,1,0.00032584182918071747,11.583540561204792, city,70426624
"He is probably the best boxer in the country, but he always loses in the competition.","He is probably the best boxer in the country, but he always loses in the",EleutherAI/pythia-70m,S,18,1,0.012559938244521618,6.31502681905963, competition,70426624
He likes to make things around the house; this week it's the maid.,He likes to make things around the house; this week it's the,EleutherAI/pythia-70m,J,15,1,7.772158278385177e-05,13.651325193030251, maid,70426624
He likes to make things around the house; this week it's the shelves.,He likes to make things around the house; this week it's the,EleutherAI/pythia-70m,S,15,1,7.998125511221588e-06,16.931906648391664, shelves,70426624
"He owns stock in a company that pays quarterly dividends, so every three months they send him a quarter.","He owns stock in a company that paysly dividends, so every three months they send him a",EleutherAI/pythia-70m,J,20,1,0.0011172015219926834,9.80589484050928, quarter,70426624
"He owns stock in a company that pays quarterly dividends, so every three months they send him a statement.","He owns stock in a company that pays quarterly dividends, so every three months they send him a",EleutherAI/pythia-70m,S,20,1,0.004124415572732687,7.921594579862287, statement,70426624
He says he doesn't like to drink because it makes him feel happy.,He says he doesn't like to drink because it makes him feel,EleutherAI/pythia-70m,J,14,1,0.0017342750215902925,9.171451585166535, happy,70426624
He says he doesn't like to drink because it makes him feel sad.,He says he doesn't like to drink because it makes him feel,EleutherAI/pythia-70m,S,14,1,0.0014298883033916354,9.449881830271531, sad,70426624
He spilled some of the quart of oil onto the engine because he didn't have a funnel.,He spilled some of the quart of oil onto the engine because he didn't have a,EleutherAI/pythia-70m,E,18,1,4.999434167984873e-05,14.28787565339662, funnel,70426624
"He thought that he could turn from Grant onto Prince, but the two streets are parallel.","He thought that he could turn from Grant onto Prince, but the two streets are",EleutherAI/pythia-70m,E,17,1,0.0004355206328909844,11.16497131109412, parallel,70426624
"He told her he wasn't himself, and she said she'd noticed the improvement.","He told her he wasn't himself, and she said she'd noticed the",EleutherAI/pythia-70m,J,16,1,0.00020849799329880625,12.227678881115926, improvement,70426624
"He told her he wasn't himself, and she said she'd noticed the problem.","He told her he wasn't himself, and she said she'd noticed the",EleutherAI/pythia-70m,S,16,1,0.0015500352019444108,9.333483304585835, problem,70426624
"He told me he just bought a set of balloon tires, and I told him I didn't even know he owned a balloon.","He told me he just bought a set of tires, and I told him I didn't even know he owned a",EleutherAI/pythia-70m,J,25,1,1.7195941381942248e-06,19.149500471785494, balloon,70426624
"He told me he just bought a set of balloon tires, and I told him I didn't even know he owned a truck.","He told me he just bought a set of balloon tires, and I told him I didn't even know he owned a",EleutherAI/pythia-70m,S,25,1,0.0011448032455518842,9.770684617394922, truck,70426624
"He told me he's not broke, just badly bent.","He told me he's not broke, just badly",EleutherAI/pythia-70m,J,11,1,3.6350436857901514e-05,14.747667771944187, bent,70426624
"He told me he's not broke, just badly off.","He told me he's not broke, just badly",EleutherAI/pythia-70m,S,11,1,0.0017054672352969646,9.195617245881184, off,70426624
He was teaching his girlfriend how to swim when the lifeguard made them move to the lake.,He was teaching his girlfriend how to swim when the lifeguard made them move to the,EleutherAI/pythia-70m,J,20,1,0.015638386830687523,5.99876448987878, lake,70426624
He was teaching his girlfriend how to swim when the lifeguard made them move to the shallows.,He was teaching his girlfriend how to swim when the lifeguard made them move to the,EleutherAI/pythia-70m,S,21,2,3.5338437101017917e-06,18.110330333522672, shallows,70426624
He wondered if the storm had done much damage.,He wondered if the storm had done much,EleutherAI/pythia-70m,E,9,1,0.16048800945281982,2.639462581646685, damage,70426624
"He's never given a girl a present, but he did give a few a pretty good reputation.","He's never given a girl a present, but he did give a few a pretty good",EleutherAI/pythia-70m,J,19,1,0.0005299054901115596,10.881977304978749, reputation,70426624
"He's never given a girl a present, but he did give a few a pretty good surprise.","He's never given a girl a present, but he did give a few a pretty good",EleutherAI/pythia-70m,S,19,1,0.00010666262824088335,13.194657596974947, surprise,70426624
He's planning an extended vacation: he hopes to spend three weeks on his couch.,He's planning an extended vacation: he hopes to spend three weeks on his,EleutherAI/pythia-70m,J,16,1,0.0021712256129831076,8.847274639860405, couch,70426624
He's planning an extended vacation: he hopes to spend three weeks on his sailboat.,He's planning an extended vacation: he hopes to spend three weeks on his,EleutherAI/pythia-70m,S,17,2,0.0004955559270456433,10.978664494452012, sailboat,70426624
Her press agent was operated on for an ingrown beeper.,Her press agent was operated on for an ingrown,EleutherAI/pythia-70m,J,12,2,1.877934430183359e-08,25.666278068258837, beeper,70426624
Her press agent was operated on for an ingrown eyelash.,Her press agent was operated on for an ingrown,EleutherAI/pythia-70m,S,12,2,1.1577366620940666e-08,26.36411762277989, eyelash,70426624
His doctor recommended he stay flat on his back ever since he was hit by a motorist.,His doctor recommended he stay flat on his back ever since he was hit by a,EleutherAI/pythia-70m,S,18,2,0.00024417974054813385,11.99976887383195, motorist,70426624
His doctor recommended he stay flat on his back ever since he was hit by a steamroller.,His doctor recommended he stay flat on his back ever since he was hit by a,EleutherAI/pythia-70m,J,18,2,5.522415449377149e-06,17.466269143873653, steamroller,70426624
His job was to keep the sidewalk clean.,His job was to keep the sidewalk,EleutherAI/pythia-70m,E,8,1,0.011291731148958206,6.468589505385834, clean,70426624
His sandwich came with chips and a dill pickle.,His sandwich came with chips and a dill,EleutherAI/pythia-70m,E,11,2,0.00018424465088173747,12.406089644942343, pickle,70426624
His wife sued for divorce and asked for custody of the cash.,His wife sued for divorce and asked for custody of the,EleutherAI/pythia-70m,J,12,1,2.625645174703095e-05,15.216968508428266, cash,70426624
His wife sued for divorce and asked for custody of the cat.,His wife sued for divorce and asked for custody of the,EleutherAI/pythia-70m,S,12,1,2.7007374228560366e-05,15.176287092701013, cat,70426624
"I appreciate the more expensive things in life: diamonds, caviar, and champagne.","I appreciate the more expensive things in life: diamonds, caviar, and",EleutherAI/pythia-70m,S,16,1,0.0018207826651632786,9.101225557077418, champagne,70426624
"I appreciate the more expensive things in life: diamonds, caviar, and postage.","I appreciate the more expensive things in life: diamonds, caviar, and",EleutherAI/pythia-70m,J,17,2,1.2411916259225109e-06,19.619842700893745, postage,70426624
"I asked him if he started out as an editor, and he said that years ago he used to be a boy.","I asked him if he started out as an editor, and he said that years ago he used to be a",EleutherAI/pythia-70m,J,23,1,0.001133834244683385,9.78457453666763, boy,70426624
"I asked him if he started out as an editor, and he said that years ago he used to be a journalist.","I asked him if he started out as an editor, and he said that years ago he used to be a",EleutherAI/pythia-70m,S,23,1,0.017731821164488792,5.8175154724863525, journalist,70426624
"I asked the florist what I should give to my girlfriend, and he suggested his address.","I asked the florist what I should give to my girlfriend, and he suggested his",EleutherAI/pythia-70m,J,18,1,0.0010061062639579177,9.957001595434365, address,70426624
"I asked the florist what I should give to my girlfriend, and he suggested his tulips.","I asked the florist what I should give to my girlfriend, and he suggested his",EleutherAI/pythia-70m,S,20,3,5.885713108000346e-07,20.696279442652305, tulips,70426624
"I asked the woman at the party if she remembered me from last year, and she said she never forgets a dress.","I asked the woman at the party if she remembered me from last year, and she said she never forgets a",EleutherAI/pythia-70m,J,24,1,0.001243413775227964,9.65147781760912, dress,70426624
"I asked the woman at the party if she remembered me from last year, and she said she never forgets a name.","I asked the woman at the party if she remembered me from last year, and she said she never forgets a",EleutherAI/pythia-70m,S,24,1,0.008878928609192371,6.815398682800436, name,70426624
"I can walk on water, but I stagger on alcohol.","I can walk on water, but I stagger on",EleutherAI/pythia-70m,J,11,1,1.8378916138317436e-05,15.731588785501982, alcohol,70426624
"I can walk on water, but I stagger on concrete.","I can walk on water, but I stagger on",EleutherAI/pythia-70m,S,11,1,2.6947609512717463e-05,15.179483175377772, concrete,70426624
"I decided to start saving for a rainy day, so I went to a savings and loan and deposited my pay.","I decided to start saving for a rainy day, so I went to a savings and loan and deposited my",EleutherAI/pythia-70m,S,22,1,0.0011308585526421666,9.788365795797105, pay,70426624
"I decided to start saving for a rainy day, so I went to a savings and loan and deposited my umbrella.","I decided to start saving for a rainy day, so I went to a savings and loan and deposited my",EleutherAI/pythia-70m,J,22,1,2.2971345970290713e-05,15.409805082772198, umbrella,70426624
"I got a car for my wife, and I thought it was a good choice.","I got a car for my wife, and I thought it was a good",EleutherAI/pythia-70m,S,16,1,0.0020715342834591866,8.915084587846165, choice,70426624
"I got a car for my wife, and I thought it was a good trade.","I got a car for my wife, and I thought it was a good",EleutherAI/pythia-70m,J,16,1,0.000494682346470654,10.981209964010223, trade,70426624
"I hope this train stops at Grand Central because if it doesn't, there will be a crash.","I hope this train stops at Grand Central because if it doesn't, there will be a",EleutherAI/pythia-70m,J,19,1,0.002734138397499919,8.514698013066557, crash,70426624
"I hope this train stops at Grand Central because if it doesn't, there will be a delay.","I hope this train stops at Grand Central because if it doesn't, there will be a",EleutherAI/pythia-70m,S,19,1,0.0032279007136821747,8.275188080916678, delay,70426624
I knew a streetwalker who was so exclusive she had an unlisted telephone booth.,I knew a streetwalker who was so exclusive she had an unlisted telephone,EleutherAI/pythia-70m,J,16,1,0.0007633666973561049,10.355336130652775, booth,70426624
I knew a streetwalker who was so exclusive she had an unlisted telephone line.,I knew a streetwalker who was so exclusive she had an unlisted telephone,EleutherAI/pythia-70m,S,16,1,0.01327738631516695,6.234885013064531, line,70426624
I know one couple who got divorced and had to leave the house to the attorney.,I know one couple who got divorced and had to leave the house to the,EleutherAI/pythia-70m,J,16,1,0.0006495293928310275,10.588317566836905, attorney,70426624
I know one couple who got divorced and had to leave the house to the daughter.,I know one couple who got divorced and had to leave the house to the,EleutherAI/pythia-70m,S,16,1,0.00040428779902867973,11.272329714268865, daughter,70426624
"I still miss my ex-wife, but I am improving my aim.","I still miss my ex-wife, but I am improving my",EleutherAI/pythia-70m,J,14,1,3.164813824696466e-05,14.947519841161467, aim,70426624
"I still miss my ex-wife, but I am improving my ego.","I still miss my ex-wife, but I am improving my",EleutherAI/pythia-70m,S,14,1,0.0005683519411832094,10.780927811506336, ego,70426624
I went to a place that serves breakfast any time and ordered French toast in the nighttime.,I went to a place that serves breakfast any time and ordered French toast in the,EleutherAI/pythia-70m,S,18,2,7.15668938937597e-05,13.770348108465445, nighttime,70426624
I went to a place that serves breakfast any time and ordered French toast in the Renaissance.,I went to a place that serves breakfast any time and ordered French toast in the,EleutherAI/pythia-70m,J,17,1,3.0471771879092557e-06,18.324095176721606, Renaissance,70426624
"I've got Parkinson's disease, and he's got gout.","I've got Parkinson's disease, and he's got",EleutherAI/pythia-70m,S,13,2,3.942353214370087e-05,14.63058343428283, gout,70426624
"I've got Parkinson's disease, and he's got mine.","I've got Parkinson's disease, and he's got",EleutherAI/pythia-70m,J,12,1,9.462852904107422e-05,13.367365275004296, mine,70426624
"If there's one thing that counts in business, it's bookkeepers.","If there's one thing that counts in business, it's",EleutherAI/pythia-70m,J,14,2,1.1522226728288842e-08,26.37100520729916, bookkeepers,70426624
"If there's one thing that counts in business, it's resources.","If there's one thing that counts in business, it's",EleutherAI/pythia-70m,S,13,1,1.816503754525911e-05,15.74847612677848, resources,70426624
"If you're filthy rich, sending your kids to college is a wonderful cleaner.","If you're filthy rich, sending your kids to college is a wonderful",EleutherAI/pythia-70m,J,15,1,8.837018867779989e-07,20.10993689980162, cleaner,70426624
"If you're filthy rich, sending your kids to college is a wonderful luxury.","If you're filthy rich, sending your kids to college is a wonderful",EleutherAI/pythia-70m,S,15,1,0.0010241951094940305,9.931293709278844, luxury,70426624
In some marriages the bride is given away by the family.,In some marriages the bride is given away by the,EleutherAI/pythia-70m,S,11,1,0.00685668271034956,7.188273520923554, family,70426624
In some marriages the bride is given away by the press.,In some marriages the bride is given away by the,EleutherAI/pythia-70m,J,11,1,4.0345545130549e-05,14.597231091463634, press,70426624
"In the game of golf, nothing counts as much as your drives.","In the game of golf, nothing counts as much as your",EleutherAI/pythia-70m,S,13,1,2.0433124518604018e-05,15.578730644676517, drives,70426624
"In the game of golf, nothing counts as much as your opponent.","In the game of golf, nothing counts as much as your",EleutherAI/pythia-70m,J,13,1,0.01800284907221794,5.795630948936546, opponent,70426624
"In the U.S. the five cent piece is made of nickel, while pennies are mainly made of copper.","In the US the five cent piece is made of nickel, while pennies are mainly made of",EleutherAI/pythia-70m,E,20,1,0.07336853444576263,3.7686947225098124, copper,70426624
"It was so hot at Playboy, the centerfold took off her bikini.","It was so hot at Playboy, the centerfold took off her",EleutherAI/pythia-70m,S,17,3,0.00018227362306788564,12.421606576386457, bikini,70426624
"It was so hot at Playboy, the centerfold took off her staple.","It was so hot at Playboy, the centerfold took off her",EleutherAI/pythia-70m,J,15,1,1.47942764670006e-05,16.044601333024602, staple,70426624
It was too hot to sleep in a bed so he strung up a mesh hammock.,It was too hot to sleep in a bed so he strung up a mesh,EleutherAI/pythia-70m,E,19,3,9.1620549937943e-06,16.735897346892155, hammock,70426624
"It's always nicer to give than to receive, especially when it's your opinion.","It's always nicer to give than to receive, especially when it's your",EleutherAI/pythia-70m,J,16,1,0.0014738680329173803,9.406176930364033, opinion,70426624
"It's always nicer to give than to receive, especially when it's your parents.","It's always nicer to give than to receive, especially when it's your",EleutherAI/pythia-70m,S,16,1,0.0008133513038046658,10.263833761828527, parents,70426624
It's extraordinary what fine poker hand you get when you're playing bridge.,It's extraordinary what fine poker hand you get when you're playing,EleutherAI/pythia-70m,J,14,1,1.286338647332741e-05,16.246369971342478, bridge,70426624
It's extraordinary what fine poker hand you get when you're playing stud.,It's extraordinary what fine poker hand you get when you're playing,EleutherAI/pythia-70m,S,14,1,1.1893783266714308e-05,16.359432782737798, stud,70426624
It's hard to admit when one is wrong.,It's hard to admit when one is,EleutherAI/pythia-70m,E,9,1,0.006381891202181578,7.291800270750445, wrong,70426624
"It's hard to raise a family nowadays, especially in the country.","It's hard to raise a family nowadays, especially in the",EleutherAI/pythia-70m,S,13,1,0.02938317507505417,5.08886589130945, country,70426624
"It's hard to raise a family nowadays, especially in the morning.","It's hard to raise a family nowadays, especially in the",EleutherAI/pythia-70m,J,13,1,0.00026103813434019685,11.903451798023601, morning,70426624
It's not hard to meet expenses; they're affordable.,It's not hard to meet expenses; they're,EleutherAI/pythia-70m,S,11,1,0.0001022951037157327,13.254975286412265, affordable,70426624
It's not hard to meet expenses; they're everywhere.,It's not hard to meet expenses; they're,EleutherAI/pythia-70m,J,11,1,0.00022414331033360213,12.123290937455328, everywhere,70426624
Last Thanksgiving my wife spent all morning in the kitchen stuffing the bird.,Last Thanksgiving my wife spent all morning in the kitchen stuffing the,EleutherAI/pythia-70m,S,14,1,0.00017679357551969588,12.465646529787739, bird,70426624
Last Thanksgiving my wife spent all morning in the kitchen stuffing the kids.,Last Thanksgiving my wife spent all morning in the kitchen stuffing the,EleutherAI/pythia-70m,J,14,1,0.0055613224394619465,7.4903562991959545, kids,70426624
"Love has its benefits, and they are usually called alimony.","Love has its benefits, and they are usually called",EleutherAI/pythia-70m,J,12,2,3.8532732560270233e-07,21.30741216543534, alimony,70426624
"Love has its benefits, and they are usually called memories.","Love has its benefits, and they are usually called",EleutherAI/pythia-70m,S,11,1,8.390085713472217e-05,13.540954925062577, memories,70426624
Many a freshman helps the college of his choice by becoming a dropout.,Many a freshman helps the college of his choice by becoming a,EleutherAI/pythia-70m,J,14,2,2.17458054976305e-05,15.488903325031751, dropout,70426624
Many a freshman helps the college of his choice by becoming a member.,Many a freshman helps the college of his choice by becoming a,EleutherAI/pythia-70m,S,13,1,0.035531289875507355,4.814766126683417, member,70426624
Many a man's idea of a vacation is to rest quietly in the shade of a blonde.,Many a man's idea of a vacation is to rest quietly in the shade of a,EleutherAI/pythia-70m,J,18,1,4.528343924903311e-05,14.43065694031522, blonde,70426624
Many a man's idea of a vacation is to rest quietly in the shade of a palm.,Many a man's idea of a vacation is to rest quietly in the shade of a,EleutherAI/pythia-70m,S,18,1,0.0026212669909000397,8.575519976844642, palm,70426624
"Many things run in families, especially noses.","Many things run in families, especially",EleutherAI/pythia-70m,J,9,2,5.110924803375383e-07,20.8999122989731, noses,70426624
"Many things run in families, especially strength.","Many things run in families, especially",EleutherAI/pythia-70m,S,8,1,7.908488441898953e-06,16.948166592169038, strength,70426624
Modern science is amazing: garbage is now being made into gasoline.,Modern science is amazing: garbage is now being made into,EleutherAI/pythia-70m,S,12,1,8.216554124373943e-05,13.571106994152556, gasoline,70426624
Modern science is amazing: garbage is now being made into movies.,Modern science is amazing: garbage is now being made into,EleutherAI/pythia-70m,J,12,1,0.0002557273837737739,11.933105724173888, movies,70426624
Most cats see very well at night.,Most cats see very well at,EleutherAI/pythia-70m,E,7,1,0.0038589793257415295,8.017564969917428, night,70426624
Most of the people running for office are not politicians; they're candidates.,Most of the people running for office are not politicians; they're,EleutherAI/pythia-70m,S,14,1,0.002418065443634987,8.69193099378473, candidates,70426624
Most of the people running for office are not politicians; they're commuters.,Most of the people running for office are not politicians; they're,EleutherAI/pythia-70m,J,15,2,8.990836249722634e-06,16.763113260345392, commuters,70426624
Mrs Martin told the bad student to stand in the corner.,Mrs Martin told the bad student to stand in the,EleutherAI/pythia-70m,E,11,1,0.01917996257543564,5.704256284449238, corner,70426624
My brother-in-law enjoys fixing things around the house so much he spent an hour last night just fixing our drinks.,My brother-in-law enjoys fixing things around the house so much he spent an hour last night just fixing our,EleutherAI/pythia-70m,J,24,1,0.0012442399747669697,9.650519521848276, drinks,70426624
My brother-in-law enjoys fixing things around the house so much he spent an hour last night just fixing our stove.,My brother-in-law enjoys fixing things around the house so much he spent an hour last night just fixing our,EleutherAI/pythia-70m,S,24,1,0.00033899559639394283,11.526445846901353, stove,70426624
My church welcomes all denominations but prefers Mormons.,My church welcomes all denominations but prefers,EleutherAI/pythia-70m,S,11,2,2.8983278753003106e-05,15.074419664458052, Mormons,70426624
My church welcomes all denominations but prefers twenties.,My church welcomes all denominations but prefers,EleutherAI/pythia-70m,J,11,2,6.9654286782849795e-09,27.097140709630004, twenties,70426624
My doctor has never violated his oath: the oath he took years ago to become a millionaire.,My doctor has never violated his oath: the oath he took years ago to become a,EleutherAI/pythia-70m,J,19,2,5.352225707611069e-05,14.189501517578307, millionaire,70426624
My doctor has never violated his oath: the oath he took years ago to become a practitioner.,My doctor has never violated his oath: the oath he took years ago to become a,EleutherAI/pythia-70m,S,18,1,0.00018438826373312622,12.40496554803849, practitioner,70426624
My husband took the money we were saving to buy a new car and blew it all at the laundry.,My husband took the money we were saving to buy a new car and blew it all at the,EleutherAI/pythia-70m,J,20,1,4.178514427621849e-05,14.54665035721314, laundry,70426624
My husband took the money we were saving to buy a new car and blew it all at the tables.,My husband took the money we were saving to buy a new car and blew it all at the,EleutherAI/pythia-70m,S,20,1,2.218650479335338e-05,15.459958067580928, tables,70426624
"My mechanic couldn't fix my brakes, so he fixed my clutch.","My mechanic couldn't fix my brakes, so he fixed my",EleutherAI/pythia-70m,S,13,1,0.003704252652823925,8.07660178202904, clutch,70426624
"My mechanic couldn't fix my brakes, so he fixed my horn.","My mechanic couldn't fix my brakes, so he fixed my",EleutherAI/pythia-70m,J,13,1,0.00022194240591488779,12.137527033969869, horn,70426624
My wife did natural childbirth: no anesthetic.,My wife did natural childbirth: no,EleutherAI/pythia-70m,S,9,1,5.402966417022981e-05,14.175888759738722, anesthetic,70426624
My wife did natural childbirth: no makeup.,My wife did natural childbirth: no,EleutherAI/pythia-70m,J,9,1,3.9751535950927064e-05,14.618629868983845, makeup,70426624
"Nature has three ways of thinning the herd: drought, famine, and hunting.","Nature has three ways of thinning the herd: drought, famine, and",EleutherAI/pythia-70m,S,16,1,0.0006394676165655255,10.610841078461721, hunting,70426624
"Nature has three ways of thinning the herd: drought, famine, and primaries.","Nature has three ways of thinning the herd: drought, famine, and",EleutherAI/pythia-70m,J,17,2,3.314571301871183e-07,21.52467437627461, primaries,70426624
No patient should leave the hospital until he's strong enough to face the cashier.,No patient should leave the hospital until he's strong enough to face the,EleutherAI/pythia-70m,J,16,2,2.7371997930458747e-05,15.15693973103221, cashier,70426624
No patient should leave the hospital until he's strong enough to face the outside.,No patient should leave the hospital until he's strong enough to face the,EleutherAI/pythia-70m,S,15,1,0.0006013346719555557,10.699544235224275, outside,70426624
None of his books made any sense.,None of his books made any,EleutherAI/pythia-70m,E,7,1,0.6725466251373291,0.5722938071099865, sense,70426624
Nothing ages a woman faster than hardships.,Nothing ages a woman faster than,EleutherAI/pythia-70m,S,8,2,1.1809437410192913e-06,19.691628331503367, hardships,70426624
Nothing ages a woman faster than identification.,Nothing ages a woman faster than,EleutherAI/pythia-70m,J,7,1,4.135455128562171e-06,17.883522455021577, identification,70426624
Nothing in the known universe travels faster than gossip.,Nothing in the known universe travels faster than,EleutherAI/pythia-70m,J,9,1,1.4784347513341345e-05,16.04556990091694, gossip,70426624
Nothing in the known universe travels faster than radiation.,Nothing in the known universe travels faster than,EleutherAI/pythia-70m,S,9,1,0.0001689502241788432,12.53111411474474, radiation,70426624
Nothing you put in a banana split is as potentially fattening as the spoon.,Nothing you put in a banana split is as potentially fattening as the,EleutherAI/pythia-70m,J,16,1,0.00016727532783988863,12.545487707800785, spoon,70426624
Nothing you put in a banana split is as potentially fattening as the syrup.,Nothing you put in a banana split is as potentially fattening as the,EleutherAI/pythia-70m,S,16,1,4.9834306992124766e-05,14.292501208309016, syrup,70426624
"Now that the Hollywood couple has ironed out the divorce settlement, they can finally go ahead with their careers.","Now that the Hollywood couple has ironed out the divorce settlement, they can finally go ahead with their",EleutherAI/pythia-70m,S,21,1,0.0030310512520372868,8.36596603780712, careers,70426624
"Now that the Hollywood couple has ironed out the divorce settlement, they can finally go ahead with their nuptials.","Now that the Hollywood couple has ironed out the divorce settlement, they can finally go ahead with their",EleutherAI/pythia-70m,J,23,3,3.462783979557571e-06,18.13963617928882, nuptials,70426624
"Once a week they hold a bingo game, and all the proceeds go to fight disease.","Once a week they hold a bingo game, and all the proceeds go to fight",EleutherAI/pythia-70m,S,18,1,4.5150147343520075e-05,14.434909778615088, disease,70426624
"Once a week they hold a bingo game, and all the proceeds go to fight gambling.","Once a week they hold a bingo game, and all the proceeds go to fight",EleutherAI/pythia-70m,J,18,1,0.0001639271795284003,12.574657302903699, gambling,70426624
One good turn gets most of the blanket.,One good turn gets most of the,EleutherAI/pythia-70m,J,8,1,1.2195464478281792e-05,16.323295768557507, blanket,70426624
One good turn gets most of the profit.,One good turn gets most of the,EleutherAI/pythia-70m,S,8,1,9.138690802501515e-05,13.417652973051034, profit,70426624
One good way to invest in the country is to buy a business.,One good way to invest in the country is to buy a,EleutherAI/pythia-70m,S,13,1,0.0030106129124760628,8.37572705821715, business,70426624
One good way to invest in the country is to buy a senator.,One good way to invest in the country is to buy a,EleutherAI/pythia-70m,J,13,1,1.1600649486354087e-05,16.395434894557116, senator,70426624
One person who sure makes a long story short is my aunt.,One person who sure makes a long story short is my,EleutherAI/pythia-70m,S,12,1,0.005598428659141064,7.48076232959464, aunt,70426624
One person who sure makes a long story short is my editor.,One person who sure makes a long story short is my,EleutherAI/pythia-70m,J,12,1,0.0002806412521749735,11.798985289572515, editor,70426624
One thing that makes the world go round is detours.,One thing that makes the world go round is,EleutherAI/pythia-70m,J,11,2,1.6211240350116896e-08,25.878430280920554, detours,70426624
One thing that makes the world go round is greed.,One thing that makes the world go round is,EleutherAI/pythia-70m,S,10,1,1.0012657185143325e-05,16.607815583268817, greed,70426624
One way to keep pornography away from teenagers is to put it in a cabinet.,One way to keep pornography away from teenagers is to put it in a,EleutherAI/pythia-70m,S,15,1,0.0009705868433229625,10.008855075599579, cabinet,70426624
One way to keep pornography away from teenagers is to put it in a textbook.,One way to keep pornography away from teenagers is to put it in a,EleutherAI/pythia-70m,J,15,1,0.00024896321701817214,11.971779771976712, textbook,70426624
Our new green car blocked the narrow driveway.,Our new green car blocked the narrow,EleutherAI/pythia-70m,E,8,1,0.0007931753061711788,10.300072616530016, driveway,70426624
Our son brought home a note from school saying they need a written excuse for his presence.,Our son brought home a note from school saying they need a written excuse for his,EleutherAI/pythia-70m,J,17,1,0.015738757327198982,5.989534554181033, presence,70426624
Our son brought home a note from school saying they need a written excuse for his tardiness.,Our son brought home a note from school saying they need a written excuse for his,EleutherAI/pythia-70m,S,18,2,0.0011921788100153208,9.712183648714705, tardiness,70426624
"Parents support clubs for teenagers, especially when they lack other forms of diversion.","Parents support clubs for teenagers, especially when they lack other forms of",EleutherAI/pythia-70m,S,15,1,7.026319053693442e-06,17.118799480846658, diversion,70426624
"Parents support clubs for teenagers, especially when they lack other forms of punishment.","Parents support clubs for teenagers, especially when they lack other forms of",EleutherAI/pythia-70m,J,15,1,0.00017510069301351905,12.479527585868277, punishment,70426624
Paul heard a loud grinding noise when someone put a tin can right down the garbage disposal.,Paul heard a loud grinding noise when someone put a tin can right down the garbage,EleutherAI/pythia-70m,E,17,1,0.007878558710217476,6.9878525549557775, disposal,70426624
Politicians who are as American as apple pie still want their rewards.,Politicians who are as American as apple pie still want their,EleutherAI/pythia-70m,S,13,1,0.00013930028944741935,12.809514123879325, rewards,70426624
Politicians who are as American as apple pie still want their slice.,Politicians who are as American as apple pie still want their,EleutherAI/pythia-70m,J,13,1,0.00015291674935724586,12.67496594216921, slice,70426624
Save the whales; start a coalition.,Save the whales; start a,EleutherAI/pythia-70m,S,7,1,7.06980426912196e-05,13.787970200544425, coalition,70426624
Save the whales; start a collection.,Save the whales; start a,EleutherAI/pythia-70m,J,7,1,0.0003428439376875758,11.51016036746787, collection,70426624
She always told girls not to look for a husband but just to date bachelors.,She always told girls not to look for a husband but just to date,EleutherAI/pythia-70m,J,17,3,9.57216525421245e-06,16.6727232654926, bachelors,70426624
She always told girls not to look for a husband but just to date someone.,She always told girls not to look for a husband but just to date,EleutherAI/pythia-70m,S,15,1,0.010608449578285217,6.558642367562011, someone,70426624
"She asked what state he was born in, and he said in the East.","She asked what state he was born in, and he said in the",EleutherAI/pythia-70m,S,15,1,7.246251334436238e-05,13.752405628256932, East,70426624
"She asked what state he was born in, and he said in the nude.","She asked what state he was born in, and he said in the",EleutherAI/pythia-70m,J,15,1,2.6273033654433675e-05,15.21605768144452, nude,70426624
She bought her father a tasteful tie for his birthday.,She bought her father a tasteful tie for his,EleutherAI/pythia-70m,E,11,1,0.00010748658678494394,13.18355574193199, birthday,70426624
She called her husband at his office.,She called her husband at his,EleutherAI/pythia-70m,E,7,1,0.056177251040935516,4.153870159946256, office,70426624
"She is so modest, she pulls down the shade to change her jacket.","She is so modest, she pulls down the shade to change her",EleutherAI/pythia-70m,S,14,1,0.000153551998664625,12.668985088695923, jacket,70426624
"She is so modest, she pulls down the shade to change her mind.","She is so modest, she pulls down the shade to change her",EleutherAI/pythia-70m,J,14,1,0.13408854603767395,2.89874208866957, mind,70426624
She puts something behind her ears to attract men; lately she's been using her ankles.,She puts something behind her ears to attract men; lately she's been using her,EleutherAI/pythia-70m,J,17,1,0.00010808782826643437,13.175508308727908, ankles,70426624
She puts something behind her ears to attract men; lately she's been using her vanilla.,She puts something behind her ears to attract men; lately she's been using her,EleutherAI/pythia-70m,S,17,1,5.856421921635047e-06,17.38154907404867, vanilla,70426624
She read so much about the bad effects of cigarettes she decided to give up the habit.,She read so much about the bad effects of cigarettes she decided to give up the,EleutherAI/pythia-70m,S,17,1,0.014555124565958977,6.1023290033595785, habit,70426624
She read so much about the bad effects of cigarettes she decided to give up the reading.,She read so much about the bad effects of cigarettes she decided to give up the,EleutherAI/pythia-70m,J,17,1,0.0003173919103574008,11.621447022126173, reading,70426624
She tied up her hair with a yellow ribbon.,She tied up her hair with a yellow,EleutherAI/pythia-70m,E,9,1,0.23804964125156403,2.0706656401791204, ribbon,70426624
"She told him he looked like a million, and she meant every century.","She told him he looked like a million, and she meant every",EleutherAI/pythia-70m,J,14,1,1.1059086318709888e-05,16.464408276740937, century,70426624
"She told him he looked like a million, and she meant every syllable.","She told him he looked like a million, and she meant every",EleutherAI/pythia-70m,S,15,2,0.005543580744415522,7.494966132674771, syllable,70426624
She used a needle and a tweezers to pull out the splinter.,She used a needle and a tweezers to pull out the,EleutherAI/pythia-70m,E,15,2,3.0838932616461534e-06,18.306815737131753, splinter,70426624
She was suddenly called back to New York and had to take a cab to the airport.,She was suddenly called back to New York and had to take a cab to the,EleutherAI/pythia-70m,E,17,1,0.05097955837845802,4.29393731402089, airport,70426624
"She went on a fourteen day diet, but she only lost two ounces.","She went on a fourteen day diet, but she only lost two",EleutherAI/pythia-70m,S,14,1,0.010487763211131096,6.5751491713739005, ounces,70426624
"She went on a fourteen day diet, but she only lost two weeks.","She went on a fourteen day diet, but she only lost two",EleutherAI/pythia-70m,J,14,1,0.03203754127025604,4.964092757799647, weeks,70426624
She's happy because she finally has a boyfriend who gets along with her father.,She's happy because she finally has a boyfriend who gets along with her,EleutherAI/pythia-70m,S,15,1,0.007050346117466688,7.148090200243472, father,70426624
She's happy because she finally has a boyfriend who gets along with her fiance.,She's happy because she finally has a boyfriend who gets along with her,EleutherAI/pythia-70m,J,16,2,0.00012729119043797255,12.939579802817947, fiance,70426624
"Some babies are born to rule, while others are male.","Some babies are born to rule, while others are",EleutherAI/pythia-70m,J,11,1,0.00018601831106934696,12.39226773677163, male,70426624
"Some babies are born to rule, while others are weak.","Some babies are born to rule, while others are",EleutherAI/pythia-70m,S,11,1,0.0001898725313367322,12.362681172169856, weak,70426624
"Some husbands are good providers, but only if you count children.","Some husbands are good providers, but only if you count",EleutherAI/pythia-70m,J,12,1,0.00032087916042655706,11.60568228306009, children,70426624
"Some husbands are good providers, but only if you count salary.","Some husbands are good providers, but only if you count",EleutherAI/pythia-70m,S,12,1,1.8058621208183467e-05,15.756952728464768, salary,70426624
Some people think courtship is the first in a series of steps leading to divorce.,Some people think courtship is the first in a series of steps leading to,EleutherAI/pythia-70m,J,16,1,0.0013716156827285886,9.509907979748478, divorce,70426624
Some people think courtship is the first in a series of steps leading to romance.,Some people think courtship is the first in a series of steps leading to,EleutherAI/pythia-70m,S,16,1,6.398537152563222e-06,17.25382645858204, romance,70426624
Some people's only culture is bacteria.,Some people's only culture is,EleutherAI/pythia-70m,J,7,1,8.04803585197078e-06,16.92293183732372, bacteria,70426624
Some people's only culture is radio.,Some people's only culture is,EleutherAI/pythia-70m,S,7,1,6.669612957921345e-06,17.193965526038582, radio,70426624
"Statistics indicate that Americans spend eighty million a year on games of chance, mostly blackjack.","Statistics indicate that Americans spend eighty million a year on games of chance, mostly",EleutherAI/pythia-70m,S,17,2,6.793565034968196e-07,20.489327813080497, blackjack,70426624
"Statistics indicate that Americans spend eighty million a year on games of chance, mostly weddings.","Statistics indicate that Americans spend eighty million a year on games of chance, mostly",EleutherAI/pythia-70m,J,16,1,4.810162863577716e-06,17.66548282740824, weddings,70426624
Sunday is the day we bow our heads and putt.,Sunday is the day we bow our heads and,EleutherAI/pythia-70m,J,11,2,2.594708803371759e-07,21.877924026015414, putt,70426624
Sunday is the day we bow our heads and rest.,Sunday is the day we bow our heads and,EleutherAI/pythia-70m,S,10,1,0.0004328327486291528,11.173902720270407, rest,70426624
The accident injured his spinal cord and his legs are paralyzed.,The accident injured his spinal cord and his legs are,EleutherAI/pythia-70m,E,12,2,0.0006880010478198528,10.505301617407898, paralyzed,70426624
The art museum just acquired an early Rembrandt; it's done in charcoal.,The art museum just acquired an early Rembrandt; it's done in,EleutherAI/pythia-70m,S,16,1,6.696770924463635e-06,17.188102950504014, charcoal,70426624
The art museum just acquired an early Rembrandt; it's done in Crayola.,The art museum just acquired an early Rembrandt; it's done in,EleutherAI/pythia-70m,J,18,3,1.3974055690368914e-08,26.092673964177255, Crayola,70426624
The baby cried and upset her mother.,The baby cried and upset her,EleutherAI/pythia-70m,E,7,1,0.02293235808610916,5.446471477934105, mother,70426624
The bartender dropped two olives into the strong martini.,The bartender dropped two olives into the strong,EleutherAI/pythia-70m,E,12,2,1.094104845833499e-05,16.479889479161624, martini,70426624
The best bargain I ever got was when I went to a family garage sale and bought a grandma.,The best bargain I ever got was when I went to a family garage sale and bought a,EleutherAI/pythia-70m,J,20,2,2.5457472929701908e-06,18.583479354041433, grandma,70426624
The best bargain I ever got was when I went to a family garage sale and bought a toaster.,The best bargain I ever got was when I went to a family garage sale and bought a,EleutherAI/pythia-70m,S,20,2,3.655238970168284e-06,18.06160284035394, toaster,70426624
The best gift for the man who has everything is neckties.,The best gift for the man who has everything is,EleutherAI/pythia-70m,S,12,2,3.748547250381762e-09,27.991021266576563, neckties,70426624
The best gift for the man who has everything is penicillin.,The best gift for the man who has everything is,EleutherAI/pythia-70m,J,11,1,3.933992900329031e-07,21.27750231022228, penicillin,70426624
The best way to keep the milk from turning sour is to keep it in the cold.,The best way to keep the milk from turning sour is to keep it in the,EleutherAI/pythia-70m,S,17,1,0.005387237761169672,7.5362385459579, cold,70426624
The best way to keep the milk from turning sour is to keep it in the cow.,The best way to keep the milk from turning sour is to keep it in the,EleutherAI/pythia-70m,J,17,1,0.0005698245950043201,10.777194486345065, cow,70426624
The best way to remove coffee stains from a white blouse is with detergent.,The best way to remove coffee stains from a white blouse is with,EleutherAI/pythia-70m,S,15,1,0.0001613757194718346,12.597288851941792, detergent,70426624
The best way to remove coffee stains from a white blouse is with scissors.,The best way to remove coffee stains from a white blouse is with,EleutherAI/pythia-70m,J,16,2,0.0002092828945023939,12.22225798016345, scissors,70426624
The best way to stop an elephant from charging is to cut off its credit.,The best way to stop an elephant from charging is to cut off its,EleutherAI/pythia-70m,J,15,1,2.22203216253547e-05,15.457760775444005, credit,70426624
The best way to stop an elephant from charging is to cut off its toes.,The best way to stop an elephant from charging is to cut off its,EleutherAI/pythia-70m,S,15,1,0.0017029530135914683,9.197745654691863, toes,70426624
The bill was due at the end of the month.,The bill was due at the end of the,EleutherAI/pythia-70m,E,10,1,0.11048193275928497,3.1781176316030395, month,70426624
The book that tells you where you can go on vacation is called a checkbook.,The book that tells you where you can go on vacation is called a,EleutherAI/pythia-70m,J,16,2,3.299392119515687e-05,14.887440227827309, checkbook,70426624
The book that tells you where you can go on vacation is called a guidebook.,The book that tells you where you can go on vacation is called a,EleutherAI/pythia-70m,S,16,2,0.00042640644824132323,11.195483124436791, guidebook,70426624
The children held their hands and formed a circle.,The children held their hands and formed a,EleutherAI/pythia-70m,E,9,1,0.07929027080535889,3.6567123367329186, circle,70426624
The choir sang hymns while the people listened.,The choir sang hymns while the people,EleutherAI/pythia-70m,E,9,1,0.012960097752511501,6.269779589875356, listened,70426624
"The convict told his cellmate how he'd blown all the money he stole on wine, women, and crack.","The convict told his cellmate how he'd blown all the money he stole on wine, women, and",EleutherAI/pythia-70m,S,22,1,0.00028363216551952064,11.783691227775611, crack,70426624
"The convict told his cellmate how he'd blown all the money he stole on wine, women, and lawyers.","The convict told his cellmate how he'd blown all the money he stole on wine, women, and",EleutherAI/pythia-70m,J,22,1,0.0003945059434045106,11.307665344315472, lawyers,70426624
"The cops claimed that the prisoner just decided to come clean, but most people think he was forced into the admission.","The cops claimed that the prisoner just decided to come clean, but most people think he was forced into the",EleutherAI/pythia-70m,S,22,1,9.476991181145422e-06,16.68713947402363, admission,70426624
"The cops claimed that the prisoner just decided to come clean, but most people think he was forced into the bathtub.","The cops claimed that the prisoner just decided to come clean, but most people think he was forced into the",EleutherAI/pythia-70m,J,24,3,7.381641626125202e-05,13.725698777054095, bathtub,70426624
The curse of heavy drinking is that afterwards you get a huge bartab.,The curse of heavy drinking is that afterwards you get a huge,EleutherAI/pythia-70m,J,14,2,1.155959883369917e-09,29.68826152281509, bartab,70426624
The curse of heavy drinking is that afterwards you get a huge headache.,The curse of heavy drinking is that afterwards you get a huge,EleutherAI/pythia-70m,S,13,1,0.02297738939523697,5.443641296076776, headache,70426624
The difference between a dog and a fox is about five beers.,The difference between a dog and a fox is about five,EleutherAI/pythia-70m,J,12,1,8.517497917637229e-05,13.519210784826058, beers,70426624
The difference between a dog and a fox is about five degrees.,The difference between a dog and a fox is about five,EleutherAI/pythia-70m,S,12,1,0.01097472570836544,6.509671306882065, degrees,70426624
The difference between a good speaker and a bad one is often a nice diction.,The difference between a good speaker and a bad one is often a nice,EleutherAI/pythia-70m,S,16,2,5.169030714569089e-07,20.883602889355483, diction,70426624
The difference between a good speaker and a bad one is often a nice nap.,The difference between a good speaker and a bad one is often a nice,EleutherAI/pythia-70m,J,15,1,3.5398711588641163e-06,18.10787171801321, nap,70426624
The doctor said he could have a stroke because his arteries were getting narrow and clogged.,The doctor said he could have a stroke because his arteries were getting narrow and,EleutherAI/pythia-70m,E,17,2,0.0035574324429035187,8.134947925018835, clogged,70426624
The doctor told her not to scratch no matter how much it itched.,The doctor told her not to scratch no matter how much it,EleutherAI/pythia-70m,E,14,2,6.532967944394841e-08,23.86768619827857, itched,70426624
The farmer put a new engine in his old tractor.,The farmer put a new engine in his old,EleutherAI/pythia-70m,E,10,1,0.003637043060734868,8.103018277993964, tractor,70426624
The first thing he does every morning is sit in the lotus position and meditate.,The first thing he does every morning is sit in the lotus position and,EleutherAI/pythia-70m,E,17,2,0.00020887990831397474,12.225038650044402, meditate,70426624
The first two hundred story building opened in Chicago; it was a hotel.,The first two hundred story building opened in Chicago; it was a,EleutherAI/pythia-70m,S,14,1,0.004742286633700132,7.720201419707977, hotel,70426624
The first two hundred story building opened in Chicago; it was a library.,The first two hundred story building opened in Chicago; it was a,EleutherAI/pythia-70m,J,14,1,0.00029770011315122247,11.713852609627258, library,70426624
The garment bag kept his suit from getting wrinkled.,The garment bag kept his suit from getting,EleutherAI/pythia-70m,E,10,2,9.284401312470436e-05,13.394831590811082, wrinkled,70426624
The husband who catches his wife in the act is probably on the snoop.,The husband who catches his wife in the act is probably on the,EleutherAI/pythia-70m,S,15,2,1.7201641355768515e-07,22.47095043283942, snoop,70426624
The husband who catches his wife in the act is probably on the trapeze.,The husband who catches his wife in the act is probably on the,EleutherAI/pythia-70m,J,16,3,5.14042267241166e-06,17.569681579103158, trapeze,70426624
The last time a guy in a mask took all my money I was in shock.,The last time a guy in a mask took all my money I was in,EleutherAI/pythia-70m,S,16,1,0.0012036124244332314,9.698413380409196, shock,70426624
The last time a guy in a mask took all my money I was in surgery.,The last time a guy in a mask took all my money I was in,EleutherAI/pythia-70m,J,16,1,0.0002401211968390271,12.02394961561149, surgery,70426624
The lawyer feared that his client was guilty.,The lawyer feared that his client was,EleutherAI/pythia-70m,E,8,1,0.006688891910016537,7.224017052619368, guilty,70426624
The luggage handler seemed to take great delight in tossing the boxes marked fragile.,The luggage handler seemed to take great delight in tossing the boxes marked,EleutherAI/pythia-70m,E,14,1,3.392898975107528e-07,21.490978190331585, fragile,70426624
The mole lived in a hole in the ground.,The mole lived in a hole in the,EleutherAI/pythia-70m,E,9,1,0.05416278541088104,4.206554255973813, ground,70426624
The most popular instrument in a Scottish marching band is the bagpipe.,The most popular instrument in a Scottish marching band is the,EleutherAI/pythia-70m,E,13,2,9.86722966445086e-07,19.950851575514868, bagpipe,70426624
The most prevalent form of legalized gambling is betting.,The most prevalent form of legalized gambling is,EleutherAI/pythia-70m,S,10,1,0.00031794633832760155,11.6189290856165, betting,70426624
The most prevalent form of legalized gambling is elections.,The most prevalent form of legalized gambling is,EleutherAI/pythia-70m,J,10,1,1.5213903679978102e-05,16.004250098023988, elections,70426624
The movers put the sofa on the bare floor.,The movers put the sofa on the bare,EleutherAI/pythia-70m,E,10,1,0.07853417843580246,3.6705355315855455, floor,70426624
"The new tax forms are more realistic-- where your wife signs, it says: accomplice.","The new tax forms are more realistic-- where your wife signs, it says:",EleutherAI/pythia-70m,J,18,2,3.950834381871715e-10,31.237123578756563, accomplice,70426624
"The new tax forms are more realistic-- where your wife signs, it says: partner.","The new tax forms are more realistic-- where your wife signs, it says:",EleutherAI/pythia-70m,S,17,1,2.8495439892139984e-06,18.420837505182647, partner,70426624
The newspaper photo was so murky he couldn't figure out who it was until he read the caption.,The newspaper photo was so murky he couldn't figure out who it was until he read the,EleutherAI/pythia-70m,E,20,1,0.004919018596410751,7.667413775464059, caption,70426624
The nurse gave him detailed instructions about how to clean the wound and put on a fresh bandage.,The nurse gave him detailed instructions about how to clean the wound and put on a fresh,EleutherAI/pythia-70m,E,19,2,0.00027362615219317377,11.835506255187072, bandage,70426624
The old wealthy family lived in a twelve bedroom mansion.,The old wealthy family lived in a twelve bedroom,EleutherAI/pythia-70m,E,10,1,0.03697766363620758,4.757202116112637, mansion,70426624
The only crop that is grown in America and harvested abroad is the American tobacco.,The only crop that is grown in America and harvested abroad is the American,EleutherAI/pythia-70m,S,15,1,0.00034728957689367235,11.491573267388222, tobacco,70426624
The only crop that is grown in America and harvested abroad is the American tourist.,The only crop that is grown in America and harvested abroad is the American,EleutherAI/pythia-70m,J,15,1,0.00034320165286771953,11.508655878639962, tourist,70426624
The only fishing through the ice that some men ever do is for the olive.,The only fishing through the ice that some men ever do is for the,EleutherAI/pythia-70m,J,15,1,5.3084273531567305e-05,14.201355955374886, olive,70426624
The only fishing through the ice that some men ever do is for the trout.,The only fishing through the ice that some men ever do is for the,EleutherAI/pythia-70m,S,15,1,0.0021709927823394537,8.847429355070332, trout,70426624
The only ones who want me for my body are losers.,The only ones who want me for my body are,EleutherAI/pythia-70m,S,12,2,2.111743924615439e-05,15.531205573966783, losers,70426624
The only ones who want me for my body are mosquitoes.,The only ones who want me for my body are,EleutherAI/pythia-70m,J,11,1,1.2490613698901143e-05,16.2887961120938, mosquitoes,70426624
The only person who sticks closer to you in adversity than a friend is a creditor.,The only person who sticks closer to you in adversity than a friend is a,EleutherAI/pythia-70m,J,17,1,5.121214780956507e-05,14.25315440823753, creditor,70426624
The only person who sticks closer to you in adversity than a friend is a spouse.,The only person who sticks closer to you in adversity than a friend is a,EleutherAI/pythia-70m,S,17,1,0.0008912867633625865,10.131822699182797, spouse,70426624
The only place where you can find people who spend all their time minding their own business is the bank.,The only place where you can find people who spend all their time minding their own business is the,EleutherAI/pythia-70m,S,21,1,0.0016396180726587772,9.252424487410682, bank,70426624
The only place where you can find people who spend all their time minding their own business is the cemetery.,The only place where you can find people who spend all their time minding their own business is the,EleutherAI/pythia-70m,J,21,1,0.0006315120845101774,10.628902038100211, cemetery,70426624
The only thing money can't buy is generosity.,The only thing money can't buy is,EleutherAI/pythia-70m,S,9,1,2.942200126199168e-06,18.374673188382154, generosity,70426624
The only thing money can't buy is poverty.,The only thing money can't buy is,EleutherAI/pythia-70m,J,9,1,6.763782585039735e-05,13.85181018791868, poverty,70426624
The only time my father ever raised a hand to his children was in discipline.,The only time my father ever raised a hand to his children was in,EleutherAI/pythia-70m,S,15,1,1.1381882359273732e-05,16.422901301167062, discipline,70426624
The only time my father ever raised a hand to his children was in self-defense.,The only time my father ever raised a hand to his children was in,EleutherAI/pythia-70m,J,17,3,1.4490554349322338e-05,16.07452768687666, self-defense,70426624
The paint turned out to be the wrong color.,The paint turned out to be the wrong,EleutherAI/pythia-70m,E,9,1,0.1676427274942398,2.5765381959224922, color,70426624
The painter used water-based paint for the interior of the house but enamel for the exterior.,The painter used water-based paint for the interior of the house but enamel for the,EleutherAI/pythia-70m,E,18,1,0.1495126187801361,2.7416608426830136, exterior,70426624
The penalty for dishonesty is the disgrace of dying rich.,The penalty for dishonesty is the disgrace of dying,EleutherAI/pythia-70m,J,11,1,7.385676872218028e-05,13.72491032928378, rich,70426624
The penalty for dishonesty is the disgrace of dying unloved.,The penalty for dishonesty is the disgrace of dying,EleutherAI/pythia-70m,S,12,2,3.2339934818992333e-07,21.560179893143044, unloved,70426624
The perfect companion to a vegetarian dinner is a salad.,The perfect companion to a vegetarian dinner is a,EleutherAI/pythia-70m,S,10,1,0.0020633183885365725,8.920817825473069, salad,70426624
The perfect companion to a vegetarian dinner is a steak.,The perfect companion to a vegetarian dinner is a,EleutherAI/pythia-70m,J,10,1,0.00065187260042876,10.583122342530123, steak,70426624
The policeman saw him throw the bottle out the window and gave him a ticket for littering.,The policeman saw him throw the bottle out the window and gave him a ticket for,EleutherAI/pythia-70m,E,18,2,4.877685569226742e-06,17.645371808799364, littering,70426624
The Republican candidate won the election by a landslide.,The Republican candidate won the election by a,EleutherAI/pythia-70m,E,11,3,0.019699055701494217,5.665729715799849, landslide,70426624
The rodeo champion was quite proud of his big silver belt buckle.,The rodeo champion was quite proud of his big silver belt,EleutherAI/pythia-70m,E,14,2,6.690556620014831e-05,13.867514233744961, buckle,70426624
The show had one act that was really offbeat: the clowns.,The show had one act that was really offbeat: the,EleutherAI/pythia-70m,S,14,2,4.3966458179056644e-05,14.473237156881016, clowns,70426624
The show had one act that was really offbeat: the singer.,The show had one act that was really offbeat: the,EleutherAI/pythia-70m,J,13,1,0.002938190707936883,8.410856245314653, singer,70426624
The surgeon tried vainly to save his patient.,The surgeon tried vainly to save his,EleutherAI/pythia-70m,E,9,1,0.012439842335879803,6.328887989088023, patient,70426624
The teacher wrote the problem on the board.,The teacher wrote the problem on the,EleutherAI/pythia-70m,E,8,1,0.007378323934972286,7.08249115473494, board,70426624
The terrorists planted a bomb in the airport and four people were killed in the explosion.,The terrorists planted a bomb in the airport and four people were killed in the,EleutherAI/pythia-70m,E,16,1,0.009739011526107788,6.682008933170706, explosion,70426624
The tourist bureau told the visitors there was plenty of hunting in this part of the country but very little finding.,The tourist bureau told the visitors there was plenty of hunting in this part of the country but very little,EleutherAI/pythia-70m,J,21,1,6.269541336223483e-05,13.961280571466883, finding,70426624
The tourist bureau told the visitors there was plenty of hunting in this part of the country but very little sightseeing.,The tourist bureau told the visitors there was plenty of hunting in this part of the country but very little,EleutherAI/pythia-70m,S,22,2,1.839774995460175e-05,15.730111139014882, sightseeing,70426624
The victim was rushed to the hospital in an ambulance.,The victim was rushed to the hospital in an,EleutherAI/pythia-70m,E,10,1,0.17651207745075226,2.502161194777926, ambulance,70426624
The visitor stared at the grandfather clock and seemed almost hypnotized by the swinging of the pendulum.,The visitor stared at the grandfather clock and seemed almost hypnotized by the swinging of the,EleutherAI/pythia-70m,E,19,2,0.01218616496771574,6.358612013985638, pendulum,70426624
The whole town came to hear their mayor speak.,The whole town came to hear their mayor,EleutherAI/pythia-70m,E,9,1,0.0023097307421267033,8.758059606025048, speak,70426624
The wind was so strong it blew out three fuses.,The wind was so strong it blew out three,EleutherAI/pythia-70m,J,11,2,1.6634960502415197e-06,19.19735012859407, fuses,70426624
The wind was so strong it blew out three streetlights.,The wind was so strong it blew out three,EleutherAI/pythia-70m,S,11,2,1.2352730891507235e-06,19.62673854710124, streetlights,70426624
The woman in the grocery store was handing out free samples.,The woman in the grocery store was handing out free,EleutherAI/pythia-70m,E,11,1,0.0018714484758675098,9.061628955704835, samples,70426624
The woman who has her husband eating out of her hand must save a lot of dishwashing.,The woman who has her husband eating out of her hand must save a lot of,EleutherAI/pythia-70m,J,19,3,8.029092896322254e-06,16.926331563885416, dishwashing,70426624
The woman who has her husband eating out of her hand must save a lot of heartbreak.,The woman who has her husband eating out of her hand must save a lot of,EleutherAI/pythia-70m,S,18,2,0.0007149144657887518,10.449941735090638, heartbreak,70426624
There were over a hundred trees in the apple orchard.,There were over a hundred trees in the apple,EleutherAI/pythia-70m,E,11,2,0.010870705358684063,6.523410635383728, orchard,70426624
They planned to dig a tunnel in order to escape.,They planned to dig a tunnel in order to,EleutherAI/pythia-70m,E,10,1,0.005456792656332254,7.517731058500421, escape,70426624
They redecorated the bar with new drunks.,They redecorated the bar with new,EleutherAI/pythia-70m,J,10,2,1.1639801414276008e-05,16.39057402968573, drunks,70426624
They redecorated the bar with new wood.,They redecorated the bar with new,EleutherAI/pythia-70m,S,9,1,0.002767522120848298,8.497189436124781, wood,70426624
They went to Las Vegas and got married in one of those quickie wedding chapels.,They went to Las Vegas and got married in one of those quickie wedding,EleutherAI/pythia-70m,E,17,2,9.936609421856701e-05,13.296886816284161, chapels,70426624
This fall two things are turning yellow: trees and bushes.,This fall two things are turning yellow: trees and,EleutherAI/pythia-70m,S,11,1,0.002688565757125616,8.53894752708297, bushes,70426624
This fall two things are turning yellow: trees and investors.,This fall two things are turning yellow: trees and,EleutherAI/pythia-70m,J,11,1,1.4333977560454514e-05,16.09020147331626, investors,70426624
"This house comes with a lot of extras, mostly termites.","This house comes with a lot of extras, mostly",EleutherAI/pythia-70m,J,12,2,4.806056494999211e-07,20.988643056822376, termites,70426624
"This house comes with a lot of extras, mostly upgrades.","This house comes with a lot of extras, mostly",EleutherAI/pythia-70m,S,11,1,0.00043779934640042484,11.15744257885784, upgrades,70426624
"This new computer works so quickly, it comes complete with games.","This new computer works so quickly, it comes complete with",EleutherAI/pythia-70m,S,12,1,0.00035725394263863564,11.450762446622141, games,70426624
"This new computer works so quickly, it comes complete with ulcers.","This new computer works so quickly, it comes complete with",EleutherAI/pythia-70m,J,12,1,2.49809772867593e-07,21.9326667461455, ulcers,70426624
"Though most people think it's Rome, the world's most beloved capital is actually dollars.","Though most people think it's Rome, the world's most beloved capital is actually",EleutherAI/pythia-70m,J,17,1,3.9190499592223205e-06,17.961064605094723, dollars,70426624
"Though most people think it's Rome, the world's most beloved capital is actually Vienna.","Though most people think it's Rome, the world's most beloved capital is actually",EleutherAI/pythia-70m,S,17,1,0.0007625921280123293,10.356800740874867, Vienna,70426624
Three people were killed in a major highway accident.,Three people were killed in a major highway,EleutherAI/pythia-70m,E,9,1,0.3373476266860962,1.5676920826880743, accident,70426624
Tim threw a rock and broke the window.,Tim threw a rock and broke the,EleutherAI/pythia-70m,E,8,1,0.0021672360599040985,8.849927981297444, window,70426624
"To clothe one soldier, it takes the wool from two sheep and the hides from three animals.","To clothe one soldier, it takes the wool from two sheep and the hides from three",EleutherAI/pythia-70m,S,19,1,0.005932552274316549,7.397131376968951, animals,70426624
"To clothe one soldier, it takes the wool from two sheep and the hides from three taxpayers.","To clothe one soldier, it takes the wool from two sheep and the hides from three",EleutherAI/pythia-70m,J,19,1,2.0874408619420137e-06,18.869833243302285, taxpayers,70426624
"To get something done, a committee should consist of no more than three people, two of whom are dead.","To get something done, a committee should consist of no more than three people, two of whom are",EleutherAI/pythia-70m,J,21,1,0.0024424949660897255,8.677428695817403, dead,70426624
"To get something done, a committee should consist of no more than three people, two of whom are workers.","To get something done, a committee should consist of no more than three people, two of whom are",EleutherAI/pythia-70m,S,21,1,0.00024243090592790395,12.010138749275322, workers,70426624
To keep the dogs out of the yard he put up a fence.,To keep the dogs out of the yard he put up a,EleutherAI/pythia-70m,E,13,1,0.020208651199936867,5.628883155642396, fence,70426624
To pay for the car Al simply wrote a check.,To pay for the car Al simply wrote a,EleutherAI/pythia-70m,E,10,1,0.007050652056932449,7.148027597958914, check,70426624
Too many girls believe that the chief foundation for true love is a large fortune.,Too many girls believe that the chief foundation for true love is a large,EleutherAI/pythia-70m,S,15,1,0.00024927136837504804,11.969995196982811, fortune,70426624
Too many girls believe that the chief foundation for true love is a large stone.,Too many girls believe that the chief foundation for true love is a large,EleutherAI/pythia-70m,J,15,1,0.00043070229003205895,11.181021385180006, stone,70426624
Two things are essential for success: wealth and fame.,Two things are essential for success: wealth and,EleutherAI/pythia-70m,S,10,1,0.004975519143044949,7.650937221111974, fame,70426624
Two things are essential for success: wealth and money.,Two things are essential for success: wealth and,EleutherAI/pythia-70m,J,10,1,0.05511581897735596,4.181389738768382, money,70426624
We finally got a decent picture on the TV after an hour of adjusting the antenna.,We finally got a decent picture on the TV after an hour of adjusting the,EleutherAI/pythia-70m,E,16,1,0.0010005460353568196,9.964996737155483, antenna,70426624
We live in a lovely suburb; it's just two miles beyond our income.,We live in a lovely suburb; it's just two miles beyond our,EleutherAI/pythia-70m,J,15,1,0.00025983850355260074,11.91009715057851, income,70426624
We live in a lovely suburb; it's just two miles beyond our town.,We live in a lovely suburb; it's just two miles beyond our,EleutherAI/pythia-70m,S,15,1,0.015626750886440277,5.999838345365265, town,70426624
"We used to have food on the table as soon as the customer was seated, but our new system requires more effort.","We used to have food on the table as soon as the customer was seated, but our new system requires more",EleutherAI/pythia-70m,S,23,1,0.007692207116633654,7.022386676155173, effort,70426624
"We used to have food on the table as soon as the customer was seated, but our new system requires more plates.","We used to have food on the table as soon as the customer was seated, but our new system requires more",EleutherAI/pythia-70m,J,23,1,0.00026040064403787255,11.90697936288501, plates,70426624
"When an irresistible force meets an immovable object, you get two very angry entities.","When an irresistible force meets an immovable object, you get two very angry",EleutherAI/pythia-70m,S,19,1,0.00013199998647905886,12.88717459774296, entities,70426624
"When an irresistible force meets an immovable object, you get two very angry women.","When an irresistible force meets an immovable object, you get two very angry",EleutherAI/pythia-70m,J,19,1,0.00983391422778368,6.668018512754604, women,70426624
"When he stepped into the elevator, he knew Jennifer had just been there by the smell of her perfume.","When he stepped into the elevator, he knew Jennifer had just been there by the smell of her",EleutherAI/pythia-70m,E,20,1,0.10230069607496262,3.2891121333771394, perfume,70426624
"When I asked how long I should cook the noodles, he said at least ten inches.","When I asked how long I should cook the noodles, he said at least ten",EleutherAI/pythia-70m,J,17,1,6.933332770131528e-05,13.816091469095847, inches,70426624
"When I asked how long I should cook the noodles, he said at least ten seconds.","When I asked how long I should cook the noodles, he said at least ten",EleutherAI/pythia-70m,S,17,1,0.018827082589268684,5.731046729922523, seconds,70426624
"When I asked the bartender for something cold and full of rum, he recommended his daiquiri.","When I asked the bartender for something cold and full of rum, he recommended his",EleutherAI/pythia-70m,S,21,4,8.751782409888165e-09,26.767775984237602, daiquiri,70426624
"When I asked the bartender for something cold and full of rum, he recommended his wife.","When I asked the bartender for something cold and full of rum, he recommended his",EleutherAI/pythia-70m,J,18,1,0.055214907974004745,4.178798343851338, wife,70426624
"When I found out how much my wife spent on dresses last year, I dumped her and proposed to the dressmaker.","When I found out how much my wife spent on dresses last year, I dumped her and proposed to the",EleutherAI/pythia-70m,J,23,2,2.674634197319392e-05,15.190298883035377, dressmaker,70426624
"When I found out how much my wife spent on dresses last year, I dumped her and proposed to the mistress.","When I found out how much my wife spent on dresses last year, I dumped her and proposed to the",EleutherAI/pythia-70m,S,22,1,8.75421246746555e-05,13.47966307537656, mistress,70426624
"When it comes to keeping warm, nothing beats a thermal brunette.","When it comes to keeping warm, nothing beats a thermal",EleutherAI/pythia-70m,J,14,3,2.2087608613219345e-06,18.78833134024654, brunette,70426624
"When it comes to keeping warm, nothing beats a thermal parka.","When it comes to keeping warm, nothing beats a thermal",EleutherAI/pythia-70m,S,13,2,3.7935501495667268e-06,18.00801995949089, parka,70426624
"When John bought a bulldog, it was no time at all before he had that dog eating out of his fingers.","When John bought a bulldog, it was no time at all before he had that dog eating out of his",EleutherAI/pythia-70m,S,24,1,0.0015617386670783162,9.322631223789706, fingers,70426624
"When John bought a bulldog, it was no time at all before he had that dog eating out of his leg.","When John bought a bulldog, it was no time at all before he had that dog eating out of his",EleutherAI/pythia-70m,J,24,1,0.0013949864078313112,9.485533219560955, leg,70426624
"When reviewing your notes for a test, the most important ones will be capitalized.","When reviewing your notes for a test, the most important ones will be",EleutherAI/pythia-70m,S,16,2,7.787411959725432e-07,20.292352716313804, capitalized,70426624
"When reviewing your notes for a test, the most important ones will be illegible.","When reviewing your notes for a test, the most important ones will be",EleutherAI/pythia-70m,J,16,2,2.469699111884438e-08,25.27108947284931, illegible,70426624
"When the kid came into the store and asked for empty boxes, the owner gave him the crate.","When the kid came into the store and asked for empty boxes, the owner gave him the",EleutherAI/pythia-70m,S,19,1,6.776010559406132e-05,13.849204351538987, crate,70426624
"When the kid came into the store and asked for empty boxes, the owner gave him the register.","When the kid came into the store and asked for empty boxes, the owner gave him the",EleutherAI/pythia-70m,J,19,1,3.971758269472048e-05,14.61986265470405, register,70426624
When they were in London they visited Buckingham Palace.,When they were in London they visited Buckingham,EleutherAI/pythia-70m,E,10,1,0.943575382232666,0.08379031555770793, Palace,70426624
"When we got divorced, my wife and I split the house; she got the inside.","When we got divorced, my wife and I split the house; she got the",EleutherAI/pythia-70m,J,17,1,0.00013165638665668666,12.890934871272648, inside,70426624
"When we got divorced, my wife and I split the house; she got the kitchen.","When we got divorced, my wife and I split the house; she got the",EleutherAI/pythia-70m,S,17,1,0.0040987092070281506,7.930614646594786, kitchen,70426624
"When we watch a sexy movie, my wife leans over and breathes on my collar.","When we watch a sexy movie, my wife leans over and breathes on my",EleutherAI/pythia-70m,S,18,1,0.00013173563638702035,12.890066711371121, collar,70426624
"When we watch a sexy movie, my wife leans over and breathes on my glasses.","When we watch a sexy movie, my wife leans over and breathes on my",EleutherAI/pythia-70m,J,18,1,0.0003622272633947432,11.430817243299616, glasses,70426624
"When you go to bed, turn off the lights.","When you go to bed, turn off the",EleutherAI/pythia-70m,E,10,1,0.478683203458786,1.062856910747069, lights,70426624
"When you own an ice cream business, your favorite flavor is aspirin.","When you own an ice cream business, your favorite flavor is",EleutherAI/pythia-70m,J,13,1,0.0001457431208109483,12.744284590848551, aspirin,70426624
"When you own an ice cream business, your favorite flavor is everything.","When you own an ice cream business, your favorite flavor is",EleutherAI/pythia-70m,S,13,1,0.00032161318813450634,11.602385812379174, everything,70426624
"Where I'm from, the two most common elements are hydrogen and nitrogen.","Where I'm from, the two most common elements are hydrogen and",EleutherAI/pythia-70m,S,14,1,0.006355925463140011,7.297682078570495, nitrogen,70426624
"Where I'm from, the two most common elements are hydrogen and stupidity.","Where I'm from, the two most common elements are hydrogen and",EleutherAI/pythia-70m,J,15,2,3.2087513091028086e-08,24.89341277970896, stupidity,70426624
"Women don't dress to please men; if they did, they'd dress a lot faster.","Women don't dress to please men; if they did, they'd dress a lot",EleutherAI/pythia-70m,J,18,1,0.019068259745836258,5.712683006879968, faster,70426624
"Women don't dress to please men; if they did, they'd dress a lot scantier.","Women don't dress to please men; if they did, they'd dress a lot",EleutherAI/pythia-70m,S,19,2,3.6641036871287724e-08,24.70196442957509, scantier,70426624
Women were not allowed to vote until when Congress passed the nineteenth amendment to the constitution.,Women were not allowed to vote until when Congress passed the nineteenth amendment to the,EleutherAI/pythia-70m,E,16,1,0.0486125610768795,4.362527047510339, constitution,70426624
Yesterday they canoed down the river.,Yesterday they canoed down the,EleutherAI/pythia-70m,E,8,1,0.006434070877730846,7.280052455853969, river,70426624
You can keep your kids out of hot water with dishes.,You can keep your kids out of hot water with,EleutherAI/pythia-70m,J,11,1,7.93014551163651e-05,13.622293135999316, dishes,70426624
You can keep your kids out of hot water with rules.,You can keep your kids out of hot water with,EleutherAI/pythia-70m,S,11,1,1.847819657996297e-05,15.723816513792332, rules,70426624
You could tell he had grown up in the South by his accent.,You could tell he had grown up in the South by his,EleutherAI/pythia-70m,E,13,1,0.00010614035272737965,13.201739131291243, accent,70426624
